Year;Site;Var;Ridge;Plant;Emergence_Date;PlantNb
2021;Godet;Pakutrany;6;1;30/05/2021;20
2021;Godet;Pakutrany;6;2;04/06/2021;20
2021;Godet;Pakutrany;6;3;08/06/2021;20
2021;Godet;Pakutrany;6;4;08/06/2021;20
2021;Godet;Pakutrany;6;5;05/06/2021;20
2021;Godet;Pakutrany;6;6;31/05/2021;20
2021;Godet;Pakutrany;6;7;07/06/2021;20
2021;Godet;Pakutrany;6;8;07/06/2021;20
2021;Godet;Pakutrany;6;9;05/06/2021;20
2021;Godet;Pakutrany;6;10;31/05/2021;20
2021;Godet;Pakutrany;5;1;04/06/2021;20
2021;Godet;Pakutrany;5;2;31/05/2021;20
2021;Godet;Pakutrany;5;3;30/05/2021;20
2021;Godet;Pakutrany;5;4;10/06/2021;20
2021;Godet;Pakutrany;5;5;07/06/2021;20
2021;Godet;Pakutrany;5;6;01/06/2021;20
2021;Godet;Pakutrany;5;7;07/06/2021;20
2021;Godet;Pakutrany;5;8;01/06/2021;20
2021;Godet;Pakutrany;5;9;03/06/2021;20
2021;Godet;Pakutrany;5;10;05/06/2021;20
2021;Godet;A21;5;1;24/06/2021;20
2021;Godet;A21;5;2;20/06/2021;20
2021;Godet;A21;5;3;29/06/2021;20
2021;Godet;A21;5;4;22/06/2021;20
2021;Godet;A21;5;5;08/07/2021;20
2021;Godet;A21;5;6;05/07/2021;20
2021;Godet;A21;5;7;12/07/2021;20
2021;Godet;A21;5;8;01/07/2021;20
2021;Godet;A21;5;9;05/07/2021;20
2021;Godet;A21;5;10;26/06/2021;20
2021;Godet;A21;6;1;06/07/2021;20
2021;Godet;A21;6;2;30/06/2021;20
2021;Godet;A21;6;3;01/07/2021;20
2021;Godet;A21;6;4;06/07/2021;20
2021;Godet;A21;6;5;12/07/2021;20
2021;Godet;A21;6;6;12/07/2021;20
2021;Godet;A21;6;7;23/06/2021;20
2021;Godet;A21;6;8;24/06/2021;20
2021;Godet;A21;6;9;30/06/2021;20
2021;Godet;A21;6;10;30/06/2021;20
2021;Godet;Ptris;1;1;14/06/2021;20
2021;Godet;Ptris;1;2;19/06/2021;20
2021;Godet;Ptris;1;3;13/06/2021;20
2021;Godet;Ptris;1;4;20/06/2021;20
2021;Godet;Ptris;1;5;19/06/2021;20
2021;Godet;Ptris;1;6;08/06/2021;20
2021;Godet;Ptris;1;7;23/06/2021;20
2021;Godet;Ptris;1;8;07/06/2021;20
2021;Godet;Ptris;1;9;24/06/2021;20
2021;Godet;Ptris;1;10;03/06/2021;20
2021;Godet;Ptris;2;1;08/06/2021;20
2021;Godet;Ptris;2;2;12/06/2021;20
2021;Godet;Ptris;2;3;02/06/2021;20
2021;Godet;Ptris;2;4;14/06/2021;20
2021;Godet;Ptris;2;5;25/06/2021;20
2021;Godet;Ptris;2;6;21/06/2021;20
2021;Godet;Ptris;2;7;25/06/2021;20
2021;Godet;Ptris;2;8;27/06/2021;20
2021;Godet;Ptris;2;9;11/06/2021;20
2021;Godet;Ptris;2;10;14/06/2021;20
2021;Godet;HYB30;3;1;08/07/2021;20
2021;Godet;HYB30;3;2;07/07/2021;20
2021;Godet;HYB30;3;3;26/07/2021;20
2021;Godet;HYB30;3;4;13/07/2021;20
2021;Godet;HYB30;3;5;01/07/2021;20
2021;Godet;HYB30;3;6;10/07/2021;20
2021;Godet;HYB30;3;7;06/07/2021;20
2021;Godet;HYB30;3;8;06/07/2021;20
2021;Godet;HYB30;3;9;03/07/2021;20
2021;Godet;HYB30;3;10;25/07/2021;20
2021;Godet;HYB30;4;1;03/07/2021;20
2021;Godet;HYB30;4;2;;20
2021;Godet;HYB30;4;3;20/06/2021;20
2021;Godet;HYB30;4;4;26/06/2021;20
2021;Godet;HYB30;4;5;29/06/2021;20
2021;Godet;HYB30;4;6;04/07/2021;20
2021;Godet;HYB30;4;7;27/06/2021;20
2021;Godet;HYB30;4;8;25/06/2021;20
2021;Godet;HYB30;4;9;30/06/2021;20
2021;Godet;HYB30;4;10;03/07/2021;20
2021;Godet;Roujol;1;1;22/06/2021;20
2021;Godet;Roujol;1;2;10/06/2021;20
2021;Godet;Roujol;1;3;12/06/2021;20
2021;Godet;Roujol;1;4;21/06/2021;20
2021;Godet;Roujol;1;5;08/06/2021;20
2021;Godet;Roujol;1;6;27/06/2021;20
2021;Godet;Roujol;1;7;17/06/2021;20
2021;Godet;Roujol;1;8;05/06/2021;20
2021;Godet;Roujol;1;9;13/06/2021;20
2021;Godet;Roujol;1;10;17/06/2021;20
2021;Godet;Roujol;2;1;13/06/2021;20
2021;Godet;Roujol;2;2;13/06/2021;20
2021;Godet;Roujol;2;3;18/06/2021;20
2021;Godet;Roujol;2;4;18/06/2021;20
2021;Godet;Roujol;2;5;24/06/2021;20
2021;Godet;Roujol;2;6;15/06/2021;20
2021;Godet;Roujol;2;7;13/06/2021;20
2021;Godet;Roujol;2;8;10/06/2021;20
2021;Godet;Roujol;2;9;12/06/2021;20
2021;Godet;Roujol;2;10;09/06/2021;20
2021;Godet;Divin;17;1;26/06/2021;20
2021;Godet;Divin;17;2;25/06/2021;20
2021;Godet;Divin;17;3;28/06/2021;20
2021;Godet;Divin;17;4;30/06/2021;20
2021;Godet;Divin;17;5;27/06/2021;20
2021;Godet;Divin;17;6;04/07/2021;20
2021;Godet;Divin;17;7;23/06/2021;20
2021;Godet;Divin;17;8;30/06/2021;20
2021;Godet;Divin;17;9;30/06/2021;20
2021;Godet;Divin;17;10;20/06/2021;20
2021;Godet;Divin;18;1;27/06/2021;20
2021;Godet;Divin;18;2;04/07/2021;20
2021;Godet;Divin;18;3;25/06/2021;20
2021;Godet;Divin;18;4;30/06/2021;20
2021;Godet;Divin;18;5;30/06/2021;20
2021;Godet;Divin;18;6;29/06/2021;20
2021;Godet;Divin;18;7;01/07/2021;20
2021;Godet;Divin;18;8;25/06/2021;20
2021;Godet;Divin;18;9;28/06/2021;20
2021;Godet;Divin;18;10;01/07/2021;20
2021;Godet;Cinq;19;1;12/06/2021;20
2021;Godet;Cinq;19;2;23/06/2021;20
2021;Godet;Cinq;19;3;20/06/2021;20
2021;Godet;Cinq;19;4;11/06/2021;20
2021;Godet;Cinq;19;5;11/06/2021;20
2021;Godet;Cinq;19;6;09/06/2021;20
2021;Godet;Cinq;19;7;11/06/2021;20
2021;Godet;Cinq;19;8;13/06/2021;20
2021;Godet;Cinq;19;9;08/06/2021;20
2021;Godet;Cinq;19;10;20/06/2021;20
2021;Godet;Cinq;20;1;17/06/2021;20
2021;Godet;Cinq;20;2;17/06/2021;20
2021;Godet;Cinq;20;3;17/06/2021;20
2021;Godet;Cinq;20;4;30/06/2021;20
2021;Godet;Cinq;20;5;17/06/2021;20
2021;Godet;Cinq;20;6;13/06/2021;20
2021;Godet;Cinq;20;7;24/06/2021;20
2021;Godet;Cinq;20;8;15/06/2021;20
2021;Godet;Cinq;20;9;05/06/2021;20
2021;Godet;Cinq;20;10;20/06/2021;20
2021;Godet;Pacala;5;1;02/07/2021;20
2021;Godet;Pacala;5;2;11/07/2021;20
2021;Godet;Pacala;5;3;20/06/2021;20
2021;Godet;Pacala;5;4;26/06/2021;20
2021;Godet;Pacala;5;5;29/06/2021;20
2021;Godet;Pacala;5;6;30/06/2021;20
2021;Godet;Pacala;5;7;11/07/2021;20
2021;Godet;Pacala;5;8;30/06/2021;20
2021;Godet;Pacala;5;9;06/07/2021;20
2021;Godet;Pacala;5;10;08/07/2021;20
2021;Godet;Pacala;6;1;04/07/2021;20
2021;Godet;Pacala;6;2;28/06/2021;20
2021;Godet;Pacala;6;3;14/07/2021;20
2021;Godet;Pacala;6;4;28/06/2021;20
2021;Godet;Pacala;6;5;06/07/2021;20
2021;Godet;Pacala;6;6;02/07/2021;20
2021;Godet;Pacala;6;7;13/07/2021;20
2021;Godet;Pacala;6;8;06/07/2021;20
2021;Godet;Pacala;6;9;30/06/2021;20
2021;Godet;Pacala;6;10;04/07/2021;20
2021;Godet;A9;9;1;01/07/2021;20
2021;Godet;A9;9;2;23/06/2021;20
2021;Godet;A9;9;3;22/06/2021;20
2021;Godet;A9;9;4;06/07/2021;20
2021;Godet;A9;9;5;11/07/2021;20
2021;Godet;A9;9;6;06/07/2021;20
2021;Godet;A9;9;7;30/06/2021;20
2021;Godet;A9;9;8;05/07/2021;20
2021;Godet;A9;9;9;30/06/2021;20
2021;Godet;A9;9;10;08/07/2021;20
2021;Godet;A9;10;1;06/07/2021;20
2021;Godet;A9;10;2;03/07/2021;20
2021;Godet;A9;10;3;09/07/2021;20
2021;Godet;A9;10;4;27/06/2021;20
2021;Godet;A9;10;5;03/07/2021;20
2021;Godet;A9;10;6;30/06/2021;20
2021;Godet;A9;10;7;08/07/2021;20
2021;Godet;A9;10;8;29/06/2021;20
2021;Godet;A9;10;9;24/06/2021;20
2021;Godet;A9;10;10;02/07/2021;20
2021;Godet;A2;9;1;10/06/2021;20
2021;Godet;A2;9;2;05/06/2021;20
2021;Godet;A2;9;3;11/06/2021;20
2021;Godet;A2;9;4;10/06/2021;20
2021;Godet;A2;9;5;08/06/2021;20
2021;Godet;A2;9;6;10/06/2021;20
2021;Godet;A2;9;7;19/06/2021;20
2021;Godet;A2;9;8;13/06/2021;20
2021;Godet;A2;9;9;08/06/2021;20
2021;Godet;A2;9;10;10/06/2021;20
2021;Godet;A2;10;1;10/06/2021;20
2021;Godet;A2;10;2;;20
2021;Godet;A2;10;3;06/06/2021;20
2021;Godet;A2;10;4;13/06/2021;20
2021;Godet;A2;10;5;05/06/2021;20
2021;Godet;A2;10;6;20/06/2021;20
2021;Godet;A2;10;7;11/06/2021;20
2021;Godet;A2;10;8;05/06/2021;20
2021;Godet;A2;10;9;01/06/2021;20
2021;Godet;A2;10;10;08/06/2021;20
2021;Godet;GrosseCaille;3;1;23/06/2021;20
2021;Godet;GrosseCaille;3;2;;20
2021;Godet;GrosseCaille;3;3;;20
2021;Godet;GrosseCaille;3;4;19/06/2021;20
2021;Godet;GrosseCaille;3;5;;20
2021;Godet;GrosseCaille;3;6;20/06/2021;20
2021;Godet;GrosseCaille;3;7;;20
2021;Godet;GrosseCaille;3;8;27/06/2021;20
2021;Godet;GrosseCaille;3;9;23/06/2021;20
2021;Godet;GrosseCaille;3;10;26/06/2021;20
2021;Godet;GrosseCaille;4;1;;20
2021;Godet;GrosseCaille;4;2;;20
2021;Godet;GrosseCaille;4;3;;20
2021;Godet;GrosseCaille;4;4;;20
2021;Godet;GrosseCaille;4;5;15/06/2021;20
2021;Godet;GrosseCaille;4;6;22/06/2021;20
2021;Godet;GrosseCaille;4;7;24/06/2021;20
2021;Godet;GrosseCaille;4;8;12/06/2021;20
2021;Godet;GrosseCaille;4;9;;20
2021;Godet;GrosseCaille;4;10;;20
2021;Godet;BeteBete;20;1;30/05/2021;20
2021;Godet;BeteBete;20;2;12/06/2021;20
2021;Godet;BeteBete;20;3;11/06/2021;20
2021;Godet;BeteBete;20;4;17/06/2021;20
2021;Godet;BeteBete;20;5;13/06/2021;20
2021;Godet;BeteBete;20;6;13/06/2021;20
2021;Godet;BeteBete;20;7;13/06/2021;20
2021;Godet;BeteBete;20;8;15/06/2021;20
2021;Godet;BeteBete;20;9;09/06/2021;20
2021;Godet;BeteBete;20;10;18/06/2021;20
2021;Godet;BeteBete;19;1;13/06/2021;20
2021;Godet;BeteBete;19;2;13/06/2021;20
2021;Godet;BeteBete;19;3;28/05/2021;20
2021;Godet;BeteBete;19;4;16/06/2021;20
2021;Godet;BeteBete;19;5;10/06/2021;20
2021;Godet;BeteBete;19;6;08/06/2021;20
2021;Godet;BeteBete;19;7;05/06/2021;20
2021;Godet;BeteBete;19;8;12/06/2021;20
2021;Godet;BeteBete;19;9;06/06/2021;20
2021;Godet;BeteBete;19;10;15/06/2021;20
2021;Godet;H4X172;12;1;10/06/2021;20
2021;Godet;H4X172;12;2;08/06/2021;20
2021;Godet;H4X172;12;3;09/06/2021;20
2021;Godet;H4X172;12;4;08/06/2021;20
2021;Godet;H4X172;12;5;16/06/2021;20
2021;Godet;H4X172;12;6;11/06/2021;20
2021;Godet;H4X172;12;7;08/06/2021;20
2021;Godet;H4X172;12;8;08/06/2021;20
2021;Godet;H4X172;12;9;16/06/2021;20
2021;Godet;H4X172;12;10;28/06/2021;20
2021;Godet;H4X172;13;1;13/06/2021;20
2021;Godet;H4X172;13;2;13/06/2021;20
2021;Godet;H4X172;13;3;06/06/2021;20
2021;Godet;H4X172;13;4;13/06/2021;20
2021;Godet;H4X172;13;5;08/06/2021;20
2021;Godet;H4X172;13;6;13/06/2021;20
2021;Godet;H4X172;13;7;18/06/2021;20
2021;Godet;H4X172;13;8;10/06/2021;20
2021;Godet;H4X172;13;9;13/06/2021;20
2021;Godet;H4X172;13;10;11/06/2021;20
2021;Godet;INRA15;15;1;03/07/2021;20
2021;Godet;INRA15;15;2;07/07/2021;20
2021;Godet;INRA15;15;3;03/07/2021;20
2021;Godet;INRA15;15;4;03/07/2021;20
2021;Godet;INRA15;15;5;24/07/2021;20
2021;Godet;INRA15;15;6;20/07/2021;20
2021;Godet;INRA15;15;7;18/07/2021;20
2021;Godet;INRA15;15;8;17/06/2021;20
2021;Godet;INRA15;15;9;19/06/2021;20
2021;Godet;INRA15;15;10;26/06/2021;20
2021;Godet;INRA15;16;1;27/06/2021;20
2021;Godet;INRA15;16;2;29/06/2021;20
2021;Godet;INRA15;16;3;04/07/2021;20
2021;Godet;INRA15;16;4;03/07/2021;20
2021;Godet;INRA15;16;5;28/06/2021;20
2021;Godet;INRA15;16;6;04/06/2021;20
2021;Godet;INRA15;16;7;04/06/2021;20
2021;Godet;INRA15;16;8;07/06/2021;20
2021;Godet;INRA15;16;9;05/06/2021;20
2021;Godet;INRA15;16;10;05/06/2021;20
2021;Godet;Sinoua;6;1;13/06/2021;20
2021;Godet;Sinoua;6;2;10/06/2021;20
2021;Godet;Sinoua;6;3;07/06/2021;20
2021;Godet;Sinoua;6;4;05/06/2021;20
2021;Godet;Sinoua;6;5;05/06/2021;20
2021;Godet;Sinoua;6;6;25/05/2021;20
2021;Godet;Sinoua;6;7;26/05/2021;20
2021;Godet;Sinoua;6;8;27/05/2021;20
2021;Godet;Sinoua;6;9;02/06/2021;20
2021;Godet;Sinoua;6;10;31/05/2021;20
2021;Godet;Sinoua;6;1;11/06/2021;20
2021;Godet;Sinoua;6;2;31/05/2021;20
2021;Godet;Sinoua;6;3;02/06/2021;20
2021;Godet;Sinoua;5;4;02/06/2021;20
2021;Godet;Sinoua;5;5;30/05/2021;20
2021;Godet;Sinoua;5;6;30/05/2021;20
2021;Godet;Sinoua;5;7;05/06/2021;20
2021;Godet;Sinoua;5;8;02/06/2021;20
2021;Godet;Sinoua;5;9;31/05/2021;20
2021;Godet;Sinoua;5;10;08/06/2021;20
2021;Godet;Peter;13;1;11/06/2021;20
2021;Godet;Peter;13;2;05/06/2021;20
2021;Godet;Peter;13;3;03/06/2021;20
2021;Godet;Peter;13;4;19/06/2021;20
2021;Godet;Peter;13;5;04/06/2021;20
2021;Godet;Peter;13;6;13/06/2021;20
2021;Godet;Peter;13;7;06/06/2021;20
2021;Godet;Peter;13;8;09/06/2021;20
2021;Godet;Peter;13;9;15/06/2021;20
2021;Godet;Peter;13;10;10/06/2021;20
2021;Godet;Peter;12;1;13/06/2021;20
2021;Godet;Peter;12;2;19/06/2021;20
2021;Godet;Peter;12;3;10/06/2021;20
2021;Godet;Peter;12;4;04/06/2021;20
2021;Godet;Peter;12;5;01/06/2021;20
2021;Godet;Peter;12;6;11/06/2021;20
2021;Godet;Peter;12;7;11/06/2021;20
2021;Godet;Peter;12;8;01/06/2021;20
2021;Godet;Peter;12;9;03/06/2021;20
2021;Godet;Peter;12;10;14/06/2021;20
2021;Godet;Fenakue;1;1;06/06/2021;20
2021;Godet;Fenakue;1;2;01/06/2021;20
2021;Godet;Fenakue;1;3;06/06/2021;20
2021;Godet;Fenakue;1;4;26/05/2021;20
2021;Godet;Fenakue;1;5;06/06/2021;20
2021;Godet;Fenakue;1;6;29/05/2021;20
2021;Godet;Fenakue;1;7;28/05/2021;20
2021;Godet;Fenakue;1;8;26/05/2021;20
2021;Godet;Fenakue;1;9;06/06/2021;20
2021;Godet;Fenakue;1;10;06/06/2021;20
2021;Godet;Fenakue;2;1;07/06/2021;20
2021;Godet;Fenakue;2;2;01/06/2021;20
2021;Godet;Fenakue;2;3;02/06/2021;20
2021;Godet;Fenakue;2;4;29/07/2021;20
2021;Godet;Fenakue;2;5;10/06/2021;20
2021;Godet;Fenakue;2;6;30/05/2021;20
2021;Godet;Fenakue;2;7;29/05/2021;20
2021;Godet;Fenakue;2;8;29/05/2021;20
2021;Godet;Fenakue;2;9;31/05/2021;20
2021;Godet;Fenakue;2;10;29/05/2021;20
2021;Godet;A22;15;1;;20
2021;Godet;A22;15;2;04/07/2021;20
2021;Godet;A22;15;3;04/07/2021;20
2021;Godet;A22;15;4;24/06/2021;20
2021;Godet;A22;15;5;30/06/2021;20
2021;Godet;A22;15;6;22/06/2021;20
2021;Godet;A22;15;7;24/06/2021;20
2021;Godet;A22;15;8;30/06/2021;20
2021;Godet;A22;15;9;28/06/2021;20
2021;Godet;A22;15;10;20/06/2021;20
2021;Godet;A22;16;1;21/06/2021;20
2021;Godet;A22;16;2;23/06/2021;20
2021;Godet;A22;16;3;26/06/2021;20
2021;Godet;A22;16;4;04/07/2021;20
2021;Godet;A22;16;5;30/06/2021;20
2021;Godet;A22;16;6;15/06/2021;20
2021;Godet;A22;16;7;04/07/2021;20
2021;Godet;A22;16;8;27/06/2021;20
2021;Godet;A22;16;9;26/06/2021;20
2021;Godet;A22;16;10;20/06/2021;20
2021;Godet;Pyramide;7;1;02/07/2021;20
2021;Godet;Pyramide;7;2;29/06/2021;20
2021;Godet;Pyramide;7;3;18/07/2021;20
2021;Godet;Pyramide;7;4;06/07/2021;20
2021;Godet;Pyramide;7;5;30/06/2021;20
2021;Godet;Pyramide;7;6;26/06/2021;20
2021;Godet;Pyramide;7;7;14/07/2021;20
2021;Godet;Pyramide;7;8;04/07/2021;20
2021;Godet;Pyramide;7;9;05/07/2021;20
2021;Godet;Pyramide;7;10;13/07/2021;20
2021;Godet;Pyramide;8;1;14/07/2021;20
2021;Godet;Pyramide;8;2;14/07/2021;20
2021;Godet;Pyramide;8;3;14/07/2021;20
2021;Godet;Pyramide;8;4;06/07/2021;20
2021;Godet;Pyramide;8;5;15/07/2021;20
2021;Godet;Pyramide;8;6;15/07/2021;20
2021;Godet;Pyramide;8;7;14/07/2021;20
2021;Godet;Pyramide;8;8;27/07/2021;20
2021;Godet;Pyramide;8;9;26/06/2021;20
2021;Godet;Pyramide;8;10;30/06/2021;20
2021;Godet;GrandEtang;20;1;11/06/2021;20
2021;Godet;GrandEtang;20;2;03/06/2021;20
2021;Godet;GrandEtang;20;3;26/05/2021;20
2021;Godet;GrandEtang;20;4;05/06/2021;20
2021;Godet;GrandEtang;20;5;31/05/2021;20
2021;Godet;GrandEtang;20;6;28/05/2021;20
2021;Godet;GrandEtang;20;7;03/06/2021;20
2021;Godet;GrandEtang;20;8;10/06/2021;20
2021;Godet;GrandEtang;20;9;05/06/2021;20
2021;Godet;GrandEtang;20;10;30/05/2021;20
2021;Godet;GrandEtang;19;1;06/06/2021;20
2021;Godet;GrandEtang;19;2;08/06/2021;20
2021;Godet;GrandEtang;19;3;06/06/2021;20
2021;Godet;GrandEtang;19;4;09/06/2021;20
2021;Godet;GrandEtang;19;5;01/06/2021;20
2021;Godet;GrandEtang;19;6;11/06/2021;20
2021;Godet;GrandEtang;19;7;05/06/2021;20
2021;Godet;GrandEtang;19;8;07/06/2021;20
2021;Godet;GrandEtang;19;9;05/06/2021;20
2021;Godet;GrandEtang;19;10;06/06/2021;20
2021;Godet;Caplaou;11;1;04/07/2021;20
2021;Godet;Caplaou;11;2;25/06/2021;20
2021;Godet;Caplaou;11;3;05/07/2021;20
2021;Godet;Caplaou;11;4;06/07/2021;20
2021;Godet;Caplaou;11;5;22/06/2021;20
2021;Godet;Caplaou;11;6;13/06/2021;20
2021;Godet;Caplaou;11;7;30/06/2021;20
2021;Godet;Caplaou;11;8;15/06/2021;20
2021;Godet;Caplaou;11;9;18/06/2021;20
2021;Godet;Caplaou;11;10;18/07/2021;20
2021;Godet;Caplaou;12;1;26/06/2021;20
2021;Godet;Caplaou;12;2;27/06/2021;20
2021;Godet;Caplaou;12;3;06/07/2021;20
2021;Godet;Caplaou;12;4;06/07/2021;20
2021;Godet;Caplaou;12;5;27/06/2021;20
2021;Godet;Caplaou;12;6;19/06/2021;20
2021;Godet;Caplaou;12;7;08/07/2021;20
2021;Godet;Caplaou;12;8;29/06/2021;20
2021;Godet;Caplaou;12;9;13/06/2021;20
2021;Godet;Caplaou;12;10;18/06/2021;20
2021;Godet;Manlankon;1;1;06/06/2021;20
2021;Godet;Manlankon;1;2;18/06/2021;20
2021;Godet;Manlankon;1;3;08/06/2021;20
2021;Godet;Manlankon;1;4;05/06/2021;20
2021;Godet;Manlankon;1;5;09/06/2021;20
2021;Godet;Manlankon;1;6;21/06/2021;20
2021;Godet;Manlankon;1;7;13/06/2021;20
2021;Godet;Manlankon;1;8;18/06/2021;20
2021;Godet;Manlankon;1;9;10/06/2021;20
2021;Godet;Manlankon;1;10;09/06/2021;20
2021;Godet;Manlankon;2;1;27/06/2021;20
2021;Godet;Manlankon;2;2;09/06/2021;20
2021;Godet;Manlankon;2;3;05/06/2021;20
2021;Godet;Manlankon;2;4;06/06/2021;20
2021;Godet;Manlankon;2;5;07/06/2021;20
2021;Godet;Manlankon;2;6;17/06/2021;20
2021;Godet;Manlankon;2;7;10/06/2021;20
2021;Godet;Manlankon;2;8;15/06/2021;20
2021;Godet;Manlankon;2;9;10/06/2021;20
2021;Godet;Manlankon;2;10;14/06/2021;20
2021;Godet;Toki;1;1;03/07/2021;20
2021;Godet;Toki;1;2;05/07/2021;20
2021;Godet;Toki;1;3;10/07/2021;20
2021;Godet;Toki;1;4;;20
2021;Godet;Toki;1;5;11/07/2021;20
2021;Godet;Toki;1;6;04/07/2021;20
2021;Godet;Toki;1;7;;20
2021;Godet;Toki;1;8;18/07/2021;20
2021;Godet;Toki;1;9;;20
2021;Godet;Toki;1;10;04/07/2021;20
2021;Godet;Toki;2;1;09/07/2021;20
2021;Godet;Toki;2;2;30/06/2021;20
2021;Godet;Toki;2;3;14/07/2021;20
2021;Godet;Toki;2;4;04/07/2021;20
2021;Godet;Toki;2;5;06/07/2021;20
2021;Godet;Toki;2;6;20/07/2021;20
2021;Godet;Toki;2;7;08/07/2021;20
2021;Godet;Toki;2;8;04/07/2021;20
2021;Godet;Toki;2;9;04/07/2021;20
2021;Godet;Toki;2;10;06/07/2021;20
2021;Godet;Gordito;3;1;22/06/2021;20
2021;Godet;Gordito;3;2;30/06/2021;20
2021;Godet;Gordito;3;3;30/06/2021;20
2021;Godet;Gordito;3;4;16/06/2021;20
2021;Godet;Gordito;3;5;17/06/2021;20
2021;Godet;Gordito;3;6;25/06/2021;20
2021;Godet;Gordito;3;7;20/06/2021;20
2021;Godet;Gordito;3;8;20/06/2021;20
2021;Godet;Gordito;3;9;15/06/2021;20
2021;Godet;Gordito;3;10;23/06/2021;20
2021;Godet;Gordito;4;1;27/06/2021;20
2021;Godet;Gordito;4;2;13/06/2021;20
2021;Godet;Gordito;4;3;15/06/2021;20
2021;Godet;Gordito;4;4;21/06/2021;20
2021;Godet;Gordito;4;5;18/06/2021;20
2021;Godet;Gordito;4;6;17/06/2021;20
2021;Godet;Gordito;4;7;10/06/2021;20
2021;Godet;Gordito;4;8;12/06/2021;20
2021;Godet;Gordito;4;9;05/06/2021;20
2021;Godet;Gordito;4;10;21/06/2021;20
2021;Godet;H2X74F;12;1;22/06/2021;20
2021;Godet;H2X74F;12;2;27/06/2021;20
2021;Godet;H2X74F;12;3;03/07/2021;20
2021;Godet;H2X74F;12;4;22/06/2021;20
2021;Godet;H2X74F;12;5;20/06/2021;20
2021;Godet;H2X74F;12;6;30/06/2021;20
2021;Godet;H2X74F;12;7;07/07/2021;20
2021;Godet;H2X74F;12;8;28/06/2021;20
2021;Godet;H2X74F;12;9;08/07/2021;20
2021;Godet;H2X74F;12;10;27/06/2021;20
2021;Godet;H2X74F;13;1;27/06/2021;20
2021;Godet;H2X74F;13;2;22/06/2021;20
2021;Godet;H2X74F;13;3;12/07/2021;20
2021;Godet;H2X74F;13;4;04/07/2021;20
2021;Godet;H2X74F;13;5;22/06/2021;20
2021;Godet;H2X74F;13;6;26/06/2021;20
2021;Godet;H2X74F;13;7;24/06/2021;20
2021;Godet;H2X74F;13;8;24/06/2021;20
2021;Godet;H2X74F;13;9;23/06/2021;20
2021;Godet;H2X74F;13;10;08/07/2021;20
2021;Godet;Wassa;9;1;08/06/2021;20
2021;Godet;Wassa;9;2;18/06/2021;20
2021;Godet;Wassa;9;3;15/06/2021;20
2021;Godet;Wassa;9;4;13/06/2021;20
2021;Godet;Wassa;9;5;20/06/2021;20
2021;Godet;Wassa;9;6;05/06/2021;20
2021;Godet;Wassa;9;7;10/06/2021;20
2021;Godet;Wassa;9;8;20/06/2021;20
2021;Godet;Wassa;9;9;26/06/2021;20
2021;Godet;Wassa;9;10;01/06/2021;20
2021;Godet;Wassa;10;1;10/06/2021;20
2021;Godet;Wassa;10;2;03/06/2021;20
2021;Godet;Wassa;10;3;03/06/2021;20
2021;Godet;Wassa;10;4;10/06/2021;20
2021;Godet;Wassa;10;5;10/06/2021;20
2021;Godet;Wassa;10;6;10/06/2021;20
2021;Godet;Wassa;10;7;18/06/2021;20
2021;Godet;Wassa;10;8;08/06/2021;20
2021;Godet;Wassa;10;9;04/06/2021;20
2021;Godet;Wassa;10;10;16/06/2021;20
2021;Godet;Noulelcae;3;1;12/06/2021;20
2021;Godet;Noulelcae;3;2;17/06/2021;20
2021;Godet;Noulelcae;3;3;19/06/2021;20
2021;Godet;Noulelcae;3;4;17/06/2021;20
2021;Godet;Noulelcae;3;5;11/06/2021;20
2021;Godet;Noulelcae;3;6;08/06/2021;20
2021;Godet;Noulelcae;3;7;05/06/2021;20
2021;Godet;Noulelcae;3;8;19/06/2021;20
2021;Godet;Noulelcae;3;9;14/06/2021;20
2021;Godet;Noulelcae;3;10;12/06/2021;20
2021;Godet;Noulelcae;4;1;16/06/2021;20
2021;Godet;Noulelcae;4;2;07/06/2021;20
2021;Godet;Noulelcae;4;3;05/06/2021;20
2021;Godet;Noulelcae;4;4;05/06/2021;20
2021;Godet;Noulelcae;4;5;08/06/2021;20
2021;Godet;Noulelcae;4;6;13/06/2021;20
2021;Godet;Noulelcae;4;7;19/06/2021;20
2021;Godet;Noulelcae;4;8;05/06/2021;20
2021;Godet;Noulelcae;4;9;18/06/2021;20
2021;Godet;Noulelcae;4;10;10/06/2021;20
2021;Godet;Florido;11;1;08/06/2021;20
2021;Godet;Florido;11;2;05/06/2021;20
2021;Godet;Florido;11;3;11/06/2021;20
2021;Godet;Florido;11;4;17/06/2021;20
2021;Godet;Florido;11;5;29/05/2021;20
2021;Godet;Florido;11;6;27/05/2021;20
2021;Godet;Florido;11;7;27/05/2021;20
2021;Godet;Florido;11;8;01/06/2021;20
2021;Godet;Florido;11;9;30/06/2021;20
2021;Godet;Florido;11;10;10/06/2021;20
2021;Godet;Florido;12;1;03/06/2021;20
2021;Godet;Florido;12;2;28/05/2021;20
2021;Godet;Florido;12;3;03/06/2021;20
2021;Godet;Florido;12;4;09/06/2021;20
2021;Godet;Florido;12;5;03/06/2021;20
2021;Godet;Florido;12;6;03/06/2021;20
2021;Godet;Florido;12;7;03/06/2021;20
2021;Godet;Florido;12;8;04/06/2021;20
2021;Godet;Florido;12;9;01/06/2021;20
2021;Godet;Florido;12;10;10/06/2021;20
2021;Godet;HYB5;13;1;10/07/2021;20
2021;Godet;HYB5;13;2;13/06/2021;20
2021;Godet;HYB5;13;3;08/07/2021;20
2021;Godet;HYB5;13;4;30/06/2021;20
2021;Godet;HYB5;13;5;03/07/2021;20
2021;Godet;HYB5;13;6;29/06/2021;20
2021;Godet;HYB5;13;7;05/07/2021;20
2021;Godet;HYB5;13;8;25/07/2021;20
2021;Godet;HYB5;13;9;17/06/2021;20
2021;Godet;HYB5;13;10;17/07/2021;20
2021;Godet;HYB5;14;1;12/06/2021;20
2021;Godet;HYB5;14;2;17/06/2021;20
2021;Godet;HYB5;14;3;04/07/2021;20
2021;Godet;HYB5;14;4;27/06/2021;20
2021;Godet;HYB5;14;5;22/06/2021;20
2021;Godet;HYB5;14;6;19/06/2021;20
2021;Godet;HYB5;14;7;24/06/2021;20
2021;Godet;HYB5;14;8;20/06/2021;20
2021;Godet;HYB5;14;9;21/06/2021;20
2021;Godet;HYB5;14;10;24/06/2021;20
2021;Godet;Oriental;7;1;;20
2021;Godet;Oriental;7;2;15/06/2021;20
2021;Godet;Oriental;7;3;01/07/2021;20
2021;Godet;Oriental;7;4;05/07/2021;20
2021;Godet;Oriental;7;5;16/07/2021;20
2021;Godet;Oriental;7;6;13/06/2021;20
2021;Godet;Oriental;7;7;03/06/2021;20
2021;Godet;Oriental;7;8;06/06/2021;20
2021;Godet;Oriental;7;9;19/06/2021;20
2021;Godet;Oriental;7;10;22/06/2021;20
2021;Godet;Oriental;8;1;17/06/2021;20
2021;Godet;Oriental;8;2;15/06/2021;20
2021;Godet;Oriental;8;3;12/06/2021;20
2021;Godet;Oriental;8;4;18/06/2021;20
2021;Godet;Oriental;8;5;17/06/2021;20
2021;Godet;Oriental;8;6;11/06/2021;20
2021;Godet;Oriental;8;7;18/06/2021;20
2021;Godet;Oriental;8;8;18/06/2021;20
2021;Godet;Oriental;8;9;27/05/2021;20
2021;Godet;Oriental;8;10;04/06/2021;20
2021;Godet;Sea190;5;1;10/06/2021;20
2021;Godet;Sea190;5;2;03/07/2021;20
2021;Godet;Sea190;5;3;17/06/2021;20
2021;Godet;Sea190;5;4;10/06/2021;20
2021;Godet;Sea190;5;5;17/06/2021;20
2021;Godet;Sea190;5;6;28/06/2021;20
2021;Godet;Sea190;5;7;13/06/2021;20
2021;Godet;Sea190;5;8;28/06/2021;20
2021;Godet;Sea190;5;9;26/06/2021;20
2021;Godet;Sea190;5;10;26/06/2021;20
2021;Godet;Sea190;6;1;29/06/2021;20
2021;Godet;Sea190;6;2;24/06/2021;20
2021;Godet;Sea190;6;3;13/06/2021;20
2021;Godet;Sea190;6;4;26/06/2021;20
2021;Godet;Sea190;6;5;08/06/2021;20
2021;Godet;Sea190;6;6;05/06/2021;20
2021;Godet;Sea190;6;7;27/06/2021;20
2021;Godet;Sea190;6;8;27/06/2021;20
2021;Godet;Sea190;6;9;22/06/2021;20
2021;Godet;Sea190;6;10;27/06/2021;20
2021;Godet;Tiviolet;15;1;20/06/2021;20
2021;Godet;Tiviolet;15;2;19/06/2021;20
2021;Godet;Tiviolet;15;3;09/06/2021;20
2021;Godet;Tiviolet;15;4;15/06/2021;20
2021;Godet;Tiviolet;15;5;01/06/2021;20
2021;Godet;Tiviolet;15;6;13/06/2021;20
2021;Godet;Tiviolet;15;7;14/06/2021;20
2021;Godet;Tiviolet;15;8;17/06/2021;20
2021;Godet;Tiviolet;15;9;13/06/2021;20
2021;Godet;Tiviolet;15;10;20/06/2021;20
2021;Godet;Tiviolet;16;1;03/06/2021;20
2021;Godet;Tiviolet;16;2;09/06/2021;20
2021;Godet;Tiviolet;16;3;09/06/2021;20
2021;Godet;Tiviolet;16;4;10/06/2021;20
2021;Godet;Tiviolet;16;5;13/06/2021;20
2021;Godet;Tiviolet;16;6;13/06/2021;20
2021;Godet;Tiviolet;16;7;20/06/2021;20
2021;Godet;Tiviolet;16;8;11/06/2021;20
2021;Godet;Tiviolet;16;9;11/06/2021;20
2021;Godet;Tiviolet;16;10;17/06/2021;20
2021;Godet;Kinabayo;13;1;12/06/2021;20
2021;Godet;Kinabayo;13;2;22/07/2021;20
2021;Godet;Kinabayo;13;3;16/06/2021;20
2021;Godet;Kinabayo;13;4;26/06/2021;20
2021;Godet;Kinabayo;13;5;10/07/2021;20
2021;Godet;Kinabayo;13;6;21/06/2021;20
2021;Godet;Kinabayo;13;7;26/06/2021;20
2021;Godet;Kinabayo;13;8;04/07/2021;20
2021;Godet;Kinabayo;13;9;13/06/2021;20
2021;Godet;Kinabayo;13;10;27/06/2021;20
2021;Godet;Kinabayo;14;1;21/06/2021;20
2021;Godet;Kinabayo;14;2;10/06/2021;20
2021;Godet;Kinabayo;14;3;27/06/2021;20
2021;Godet;Kinabayo;14;4;03/07/2021;20
2021;Godet;Kinabayo;14;5;11/06/2021;20
2021;Godet;Kinabayo;14;6;27/06/2021;20
2021;Godet;Kinabayo;14;7;14/07/2021;20
2021;Godet;Kinabayo;14;8;30/06/2021;20
2021;Godet;Kinabayo;14;9;08/07/2021;20
2021;Godet;Kinabayo;14;10;08/07/2021;20
2021;Godet;Kabusa;15;1;17/06/2021;20
2021;Godet;Kabusa;15;2;03/07/2021;20
2021;Godet;Kabusa;15;3;11/06/2021;20
2021;Godet;Kabusa;15;4;27/06/2021;20
2021;Godet;Kabusa;15;5;19/06/2021;20
2021;Godet;Kabusa;15;6;12/06/2021;20
2021;Godet;Kabusa;15;7;19/06/2021;20
2021;Godet;Kabusa;15;8;13/06/2021;20
2021;Godet;Kabusa;15;9;13/06/2021;20
2021;Godet;Kabusa;15;10;20/06/2021;20
2021;Godet;Kabusa;16;1;22/06/2021;20
2021;Godet;Kabusa;16;2;13/06/2021;20
2021;Godet;Kabusa;16;3;29/06/2021;20
2021;Godet;Kabusa;16;4;25/06/2021;20
2021;Godet;Kabusa;16;5;19/06/2021;20
2021;Godet;Kabusa;16;6;23/06/2021;20
2021;Godet;Kabusa;16;7;13/06/2021;20
2021;Godet;Kabusa;16;8;23/06/2021;20
2021;Godet;Kabusa;16;9;30/06/2021;20
2021;Godet;Kabusa;16;10;03/07/2021;20
2021;Godet;StVincent;9;1;13/06/2021;20
2021;Godet;StVincent;9;2;08/06/2021;20
2021;Godet;StVincent;9;3;30/06/2021;20
2021;Godet;StVincent;9;4;18/07/2021;20
2021;Godet;StVincent;9;5;27/06/2021;20
2021;Godet;StVincent;9;6;20/06/2021;20
2021;Godet;StVincent;9;7;24/06/2021;20
2021;Godet;StVincent;9;8;03/07/2021;20
2021;Godet;StVincent;9;9;24/06/2021;20
2021;Godet;StVincent;9;10;05/06/2021;20
2021;Godet;StVincent;10;1;27/06/2021;20
2021;Godet;StVincent;10;2;19/06/2021;20
2021;Godet;StVincent;10;3;15/06/2021;20
2021;Godet;StVincent;10;4;19/06/2021;20
2021;Godet;StVincent;10;5;11/06/2021;20
2021;Godet;StVincent;10;6;05/06/2021;20
2021;Godet;StVincent;10;7;21/06/2021;20
2021;Godet;StVincent;10;8;16/06/2021;20
2021;Godet;StVincent;10;9;29/06/2021;20
2021;Godet;StVincent;10;10;16/06/2021;20
2021;Godet;INRAX154;13;1;03/07/2021;20
2021;Godet;INRAX154;13;2;07/07/2021;20
2021;Godet;INRAX154;13;3;03/07/2021;20
2021;Godet;INRAX154;13;4;03/07/2021;20
2021;Godet;INRAX154;13;5;24/07/2021;20
2021;Godet;INRAX154;13;6;20/07/2021;20
2021;Godet;INRAX154;13;7;18/07/2021;20
2021;Godet;INRAX154;13;8;17/06/2021;20
2021;Godet;INRAX154;13;9;19/06/2021;20
2021;Godet;INRAX154;13;10;26/06/2021;20
2021;Godet;INRAX154;14;1;27/06/2021;20
2021;Godet;INRAX154;14;2;29/06/2021;20
2021;Godet;INRAX154;14;3;04/07/2021;20
2021;Godet;INRAX154;14;4;03/07/2021;20
2021;Godet;INRAX154;14;5;28/06/2021;20
2021;Godet;INRAX154;14;6;04/06/2021;20
2021;Godet;INRAX154;14;7;04/06/2021;20
2021;Godet;INRAX154;14;8;07/07/2021;20
2021;Godet;INRAX154;14;9;05/06/2021;20
2021;Godet;INRAX154;14;10;05/06/2021;20
2021;Godet;A14;9;1;27/06/2021;20
2021;Godet;A14;9;2;20/06/2021;20
2021;Godet;A14;9;3;26/06/2021;20
2021;Godet;A14;9;4;03/07/2021;20
2021;Godet;A14;9;5;27/06/2021;20
2021;Godet;A14;9;6;30/06/2021;20
2021;Godet;A14;9;7;20/06/2021;20
2021;Godet;A14;9;8;15/06/2021;20
2021;Godet;A14;9;9;24/06/2021;20
2021;Godet;A14;9;10;29/06/2021;20
2021;Godet;A14;10;1;17/07/2021;20
2021;Godet;A14;10;2;20/06/2021;20
2021;Godet;A14;10;3;28/06/2021;20
2021;Godet;A14;10;4;22/06/2021;20
2021;Godet;A14;10;5;23/06/2021;20
2021;Godet;A14;10;6;24/06/2021;20
2021;Godet;A14;10;7;03/07/2021;20
2021;Godet;A14;10;8;15/06/2021;20
2021;Godet;A14;10;9;13/06/2021;20
2021;Godet;A14;10;10;29/06/2021;20
2021;Godet;ToufiTetea;5;1;14/06/2021;20
2021;Godet;ToufiTetea;5;2;11/06/2021;20
2021;Godet;ToufiTetea;5;3;17/06/2021;20
2021;Godet;ToufiTetea;5;4;12/06/2021;20
2021;Godet;ToufiTetea;5;5;13/06/2021;20
2021;Godet;ToufiTetea;5;6;14/06/2021;20
2021;Godet;ToufiTetea;5;7;14/06/2021;20
2021;Godet;ToufiTetea;5;8;05/06/2021;20
2021;Godet;ToufiTetea;5;9;07/06/2021;20
2021;Godet;ToufiTetea;5;10;13/06/2021;20
2021;Godet;ToufiTetea;6;1;13/06/2021;20
2021;Godet;ToufiTetea;6;2;10/06/2021;20
2021;Godet;ToufiTetea;6;3;10/06/2021;20
2021;Godet;ToufiTetea;6;4;06/06/2021;20
2021;Godet;ToufiTetea;6;5;11/06/2021;20
2021;Godet;ToufiTetea;6;6;12/06/2021;20
2021;Godet;ToufiTetea;6;7;22/06/2021;20
2021;Godet;ToufiTetea;6;8;15/06/2021;20
2021;Godet;ToufiTetea;6;9;14/06/2021;20
2021;Godet;ToufiTetea;6;10;13/06/2021;20
2021;Godet;A6;3;1;29/06/2021;20
2021;Godet;A6;3;2;23/06/2021;20
2021;Godet;A6;3;3;25/06/2021;20
2021;Godet;A6;3;4;25/06/2021;20
2021;Godet;A6;3;5;24/06/2021;20
2021;Godet;A6;3;6;29/06/2021;20
2021;Godet;A6;3;7;15/06/2021;20
2021;Godet;A6;3;8;20/06/2021;20
2021;Godet;A6;3;9;26/06/2021;20
2021;Godet;A6;3;10;20/06/2021;20
2021;Godet;A6;4;1;15/06/2021;20
2021;Godet;A6;4;2;20/06/2021;20
2021;Godet;A6;4;3;22/06/2021;20
2021;Godet;A6;4;4;02/07/2021;20
2021;Godet;A6;4;5;13/06/2021;20
2021;Godet;A6;4;6;08/06/2021;20
2021;Godet;A6;4;7;20/06/2021;20
2021;Godet;A6;4;8;25/06/2021;20
2021;Godet;A6;4;9;06/06/2021;20
2021;Godet;A6;4;10;11/06/2021;20
2021;Godet;Goana;11;1;01/06/2021;20
2021;Godet;Goana;11;2;29/05/2021;20
2021;Godet;Goana;11;3;28/05/2021;20
2021;Godet;Goana;11;4;07/06/2021;20
2021;Godet;Goana;11;5;31/05/2021;20
2021;Godet;Goana;11;6;02/06/2021;20
2021;Godet;Goana;11;7;11/06/2021;20
2021;Godet;Goana;11;8;10/06/2021;20
2021;Godet;Goana;11;9;31/05/2021;20
2021;Godet;Goana;11;10;01/06/2021;20
2021;Godet;Goana;12;1;06/06/2021;20
2021;Godet;Goana;12;2;13/06/2021;20
2021;Godet;Goana;12;3;05/06/2021;20
2021;Godet;Goana;12;4;14/06/2021;20
2021;Godet;Goana;12;5;13/06/2021;20
2021;Godet;Goana;12;6;31/05/2021;20
2021;Godet;Goana;12;7;19/06/2021;20
2021;Godet;Goana;12;8;19/06/2021;20
2021;Godet;Goana;12;9;13/06/2021;20
2021;Godet;Goana;13;10;17/06/2021;20
2021;Godet;LacBleu;9;1;08/08/2021;20
2021;Godet;LacBleu;9;2;03/08/2021;20
2021;Godet;LacBleu;9;3;01/08/2021;20
2021;Godet;LacBleu;9;4;15/08/2021;20
2021;Godet;LacBleu;9;5;01/08/2021;20
2021;Godet;LacBleu;9;6;24/07/2021;20
2021;Godet;LacBleu;9;7;03/08/2021;20
2021;Godet;LacBleu;9;8;29/07/2021;20
2021;Godet;LacBleu;9;9;08/08/2021;20
2021;Godet;LacBleu;9;10;01/08/2021;20
2021;Godet;LacBleu;10;1;12/08/2021;20
2021;Godet;LacBleu;10;2;25/07/2021;20
2021;Godet;LacBleu;10;3;14/08/2021;20
2021;Godet;LacBleu;10;4;29/07/2021;20
2021;Godet;LacBleu;10;5;31/07/2021;20
2021;Godet;LacBleu;10;6;29/07/2021;20
2021;Godet;LacBleu;10;7;13/08/2021;20
2021;Godet;LacBleu;10;8;24/08/2021;20
2021;Godet;LacBleu;10;9;05/08/2021;20
2021;Godet;LacBleu;10;10;04/08/2021;20
2021;Godet;A17;1;1;24/07/2021;20
2021;Godet;A17;1;2;04/08/2021;20
2021;Godet;A17;1;3;24/07/2021;20
2021;Godet;A17;1;4;24/07/2021;20
2021;Godet;A17;1;5;01/08/2021;20
2021;Godet;A17;1;6;03/08/2021;20
2021;Godet;A17;1;7;28/07/2021;20
2021;Godet;A17;1;8;05/07/2021;20
2021;Godet;A17;1;9;29/07/2021;20
2021;Godet;A17;1;10;05/07/2021;20
2021;Godet;A17;2;1;25/07/2021;20
2021;Godet;A17;2;2;25/07/2021;20
2021;Godet;A17;2;3;05/07/2021;20
2021;Godet;A17;2;4;20/07/2021;20
2021;Godet;A17;2;5;22/07/2021;20
2021;Godet;A17;2;6;25/07/2021;20
2021;Godet;A17;2;7;17/07/2021;20
2021;Godet;A17;2;8;19/07/2021;20
2021;Godet;A17;2;9;19/07/2021;20
2021;Godet;A17;2;10;26/07/2021;20
2021;Godet;Boutou;3;1;25/07/2021;20
2021;Godet;Boutou;3;2;22/07/2021;20
2021;Godet;Boutou;3;3;21/07/2021;20
2021;Godet;Boutou;3;4;27/07/2021;20
2021;Godet;Boutou;3;5;21/07/2021;20
2021;Godet;Boutou;3;6;03/08/2021;20
2021;Godet;Boutou;3;7;03/07/2021;20
2021;Godet;Boutou;3;8;17/08/2021;20
2021;Godet;Boutou;3;9;11/07/2021;20
2021;Godet;Boutou;3;10;15/07/2021;20
2021;Godet;Boutou;4;1;29/07/2021;20
2021;Godet;Boutou;4;2;03/07/2021;20
2021;Godet;Boutou;4;3;03/08/2021;20
2021;Godet;Boutou;4;4;29/07/2021;20
2021;Godet;Boutou;4;5;08/08/2021;20
2021;Godet;Boutou;4;6;06/08/2021;20
2021;Godet;Boutou;4;7;24/07/2021;20
2021;Godet;Boutou;4;8;29/07/2021;20
2021;Godet;Boutou;4;9;19/07/2021;20
2021;Godet;Boutou;4;10;27/07/2021;20
2021;Godet;HYB6;7;1;06/08/2021;20
2021;Godet;HYB6;7;2;21/08/2021;20
2021;Godet;HYB6;7;3;18/08/2021;20
2021;Godet;HYB6;7;4;03/08/2021;20
2021;Godet;HYB6;7;5;14/08/2021;20
2021;Godet;HYB6;7;6;26/08/2021;20
2021;Godet;HYB6;7;7;;20
2021;Godet;HYB6;7;8;03/08/2021;20
2021;Godet;HYB6;7;9;10/08/2021;20
2021;Godet;HYB6;7;10;18/08/2021;20
2021;Godet;HYB6;8;1;30/08/2021;20
2021;Godet;HYB6;8;2;28/08/2021;20
2021;Godet;HYB6;8;3;15/08/2021;20
2021;Godet;HYB6;8;4;10/08/2021;20
2021;Godet;HYB6;8;5;13/08/2021;20
2021;Godet;HYB6;8;6;23/08/2021;20
2021;Godet;HYB6;8;7;14/08/2021;20
2021;Godet;HYB6;8;8;28/07/2021;20
2021;Godet;HYB6;8;9;14/08/2021;20
2021;Godet;HYB6;8;10;25/08/2021;20
2021;Godet;MP1;13;1;29/07/2021;20
2021;Godet;MP1;13;2;02/08/2021;20
2021;Godet;MP1;13;3;30/07/2021;20
2021;Godet;MP1;13;4;04/08/2021;20
2021;Godet;MP1;13;5;10/08/2021;20
2021;Godet;MP1;13;6;12/08/2021;20
2021;Godet;MP1;13;7;17/08/2021;20
2021;Godet;MP1;13;8;11/08/2021;20
2021;Godet;MP1;13;9;27/07/2021;20
2021;Godet;MP1;13;10;02/08/2021;20
2021;Godet;MP1;14;1;28/07/2021;20
2021;Godet;MP1;14;2;29/07/2021;20
2021;Godet;MP1;14;3;31/07/2021;20
2021;Godet;MP1;14;4;06/08/2021;20
2021;Godet;MP1;14;5;05/08/2021;20
2021;Godet;MP1;14;6;09/08/2021;20
2021;Godet;MP1;14;7;09/08/2021;20
2021;Godet;MP1;14;8;30/07/2021;20
2021;Godet;MP1;14;9;31/07/2021;20
2021;Godet;MP1;14;10;17/08/2021;20
2021;Roujol;Divin;1;1;13/06/2021;16
2021;Roujol;Divin;1;2;13/06/2021;16
2021;Roujol;Divin;1;3;05/06/2021;16
2021;Roujol;Divin;1;4;01/06/2021;16
2021;Roujol;Divin;1;5;11/06/2021;16
2021;Roujol;Divin;1;6;07/06/2021;16
2021;Roujol;Divin;1;7;21/06/2021;16
2021;Roujol;Divin;1;8;01/06/2021;16
2021;Roujol;Divin;2;1;05/06/2021;16
2021;Roujol;Divin;2;2;04/06/2021;16
2021;Roujol;Divin;2;3;12/06/2021;16
2021;Roujol;Divin;2;4;11/07/2021;16
2021;Roujol;Divin;2;5;24/06/2021;16
2021;Roujol;Divin;2;6;21/06/2021;16
2021;Roujol;Divin;2;7;12/06/2021;16
2021;Roujol;Divin;2;8;01/06/2021;16
2021;Roujol;ToufiTetea;1;1;31/05/2021;16
2021;Roujol;ToufiTetea;1;2;03/06/2021;16
2021;Roujol;ToufiTetea;1;3;11/06/2021;16
2021;Roujol;ToufiTetea;1;4;03/06/2021;16
2021;Roujol;ToufiTetea;1;5;07/06/2021;16
2021;Roujol;ToufiTetea;1;6;03/06/2021;16
2021;Roujol;ToufiTetea;1;7;03/06/2021;16
2021;Roujol;ToufiTetea;1;8;31/05/2021;16
2021;Roujol;ToufiTetea;2;1;03/06/2021;16
2021;Roujol;ToufiTetea;2;2;07/06/2021;16
2021;Roujol;ToufiTetea;2;3;18/06/2021;16
2021;Roujol;ToufiTetea;2;4;11/06/2021;16
2021;Roujol;ToufiTetea;2;5;01/06/2021;16
2021;Roujol;ToufiTetea;2;6;11/06/2021;16
2021;Roujol;ToufiTetea;2;7;06/06/2021;16
2021;Roujol;ToufiTetea;2;8;03/06/2021;16
2021;Roujol;Plimbite;1;1;19/06/2021;16
2021;Roujol;Plimbite;1;2;01/06/2021;16
2021;Roujol;Plimbite;1;3;14/06/2021;16
2021;Roujol;Plimbite;1;4;20/06/2021;16
2021;Roujol;Plimbite;1;5;14/06/2021;16
2021;Roujol;Plimbite;1;6;10/06/2021;16
2021;Roujol;Plimbite;1;7;01/06/2021;16
2021;Roujol;Plimbite;1;8;14/06/2021;16
2021;Roujol;Plimbite;2;1;16/06/2021;16
2021;Roujol;Plimbite;2;2;21/06/2021;16
2021;Roujol;Plimbite;2;3;27/06/2021;16
2021;Roujol;Plimbite;2;4;20/06/2021;16
2021;Roujol;Plimbite;2;5;01/06/2021;16
2021;Roujol;Plimbite;2;6;16/06/2021;16
2021;Roujol;Plimbite;2;7;16/06/2021;16
2021;Roujol;Plimbite;2;8;09/07/2021;16
2021;Roujol;Cirabel;1;1;05/06/2021;18
2021;Roujol;Cirabel;1;2;11/06/2021;18
2021;Roujol;Cirabel;1;3;02/06/2021;18
2021;Roujol;Cirabel;1;4;03/06/2021;18
2021;Roujol;Cirabel;1;5;03/06/2021;18
2021;Roujol;Cirabel;1;6;31/05/2021;18
2021;Roujol;Cirabel;1;7;28/06/2021;18
2021;Roujol;Cirabel;1;8;29/05/2021;18
2021;Roujol;Cirabel;1;9;17/06/2021;18
2021;Roujol;Cirabel;2;1;03/06/2021;18
2021;Roujol;Cirabel;2;2;18/06/2021;18
2021;Roujol;Cirabel;2;3;06/06/2021;18
2021;Roujol;Cirabel;2;4;10/06/2021;18
2021;Roujol;Cirabel;2;5;09/06/2021;18
2021;Roujol;Cirabel;2;6;09/06/2021;18
2021;Roujol;Cirabel;2;7;31/05/2021;18
2021;Roujol;Cirabel;2;8;03/06/2021;18
2021;Roujol;Cirabel;2;9;07/06/2021;18
2021;Roujol;KL21;1;1;03/06/2021;16
2021;Roujol;KL21;1;2;13/06/2021;16
2021;Roujol;KL21;1;3;21/06/2021;16
2021;Roujol;KL21;1;4;21/06/2021;16
2021;Roujol;KL21;1;5;10/06/2021;16
2021;Roujol;KL21;1;6;27/06/2021;16
2021;Roujol;KL21;1;7;16/06/2021;16
2021;Roujol;KL21;1;8;10/06/2021;16
2021;Roujol;KL21;2;1;28/05/2021;16
2021;Roujol;KL21;2;2;30/08/2021;16
2021;Roujol;KL21;2;3;22/07/2021;16
2021;Roujol;KL21;2;4;11/06/2021;16
2021;Roujol;KL21;2;5;08/06/2021;16
2021;Roujol;KL21;2;6;08/06/2021;16
2021;Roujol;KL21;2;7;16/06/2021;16
2021;Roujol;KL21;2;8;03/06/2021;16
2021;Roujol;Ptris;1;1;01/06/2021;16
2021;Roujol;Ptris;1;2;05/06/2021;16
2021;Roujol;Ptris;1;3;13/06/2021;16
2021;Roujol;Ptris;1;4;10/06/2021;16
2021;Roujol;Ptris;1;5;10/06/2021;16
2021;Roujol;Ptris;1;6;07/06/2021;16
2021;Roujol;Ptris;1;7;05/06/2021;16
2021;Roujol;Ptris;1;8;02/06/2021;16
2021;Roujol;Ptris;2;1;01/06/2021;16
2021;Roujol;Ptris;2;2;05/06/2021;16
2021;Roujol;Ptris;2;3;12/06/2021;16
2021;Roujol;Ptris;2;4;06/06/2021;16
2021;Roujol;Ptris;2;5;16/06/2021;16
2021;Roujol;Ptris;2;6;10/06/2021;16
2021;Roujol;Ptris;2;7;10/06/2021;16
2021;Roujol;Ptris;2;8;12/06/2021;16
2021;Roujol;LacBleu;1;1;22/06/2021;16
2021;Roujol;LacBleu;1;2;04/07/2021;16
2021;Roujol;LacBleu;1;3;26/06/2021;16
2021;Roujol;LacBleu;1;4;19/06/2021;16
2021;Roujol;LacBleu;1;5;24/07/2021;16
2021;Roujol;LacBleu;1;6;17/06/2021;16
2021;Roujol;LacBleu;1;7;21/06/2021;16
2021;Roujol;LacBleu;1;8;16/07/2021;16
2021;Roujol;LacBleu;2;1;30/06/2021;16
2021;Roujol;LacBleu;2;2;24/06/2021;16
2021;Roujol;LacBleu;2;3;23/06/2021;16
2021;Roujol;LacBleu;2;4;;16
2021;Roujol;LacBleu;2;5;28/06/2021;16
2021;Roujol;LacBleu;2;6;29/06/2021;16
2021;Roujol;LacBleu;2;7;29/06/2021;16
2021;Roujol;LacBleu;2;8;05/07/2021;16
2021;Roujol;Sinoua;1;1;21/06/2021;18
2021;Roujol;Sinoua;1;2;07/06/2021;18
2021;Roujol;Sinoua;1;3;06/06/2021;18
2021;Roujol;Sinoua;1;4;04/06/2021;18
2021;Roujol;Sinoua;1;5;14/06/2021;18
2021;Roujol;Sinoua;1;6;11/06/2021;18
2021;Roujol;Sinoua;1;7;11/06/2021;18
2021;Roujol;Sinoua;1;8;13/06/2021;18
2021;Roujol;Sinoua;1;9;10/06/2021;18
2021;Roujol;Sinoua;2;1;01/06/2021;18
2021;Roujol;Sinoua;2;2;07/06/2021;18
2021;Roujol;Sinoua;2;3;04/06/2021;18
2021;Roujol;Sinoua;2;4;04/06/2021;18
2021;Roujol;Sinoua;2;5;08/06/2021;18
2021;Roujol;Sinoua;2;6;04/06/2021;18
2021;Roujol;Sinoua;2;7;09/06/2021;18
2021;Roujol;Sinoua;2;8;11/06/2021;18
2021;Roujol;Sinoua;2;9;01/06/2021;18
2021;Roujol;A6;1;1;03/07/2021;16
2021;Roujol;A6;1;2;02/07/2021;16
2021;Roujol;A6;1;3;20/07/2021;16
2021;Roujol;A6;1;4;20/06/2021;16
2021;Roujol;A6;1;5;03/07/2021;16
2021;Roujol;A6;1;6;05/06/2021;16
2021;Roujol;A6;1;7;30/06/2021;16
2021;Roujol;A6;1;8;06/06/2021;16
2021;Roujol;A6;2;1;07/06/2021;16
2021;Roujol;A6;2;2;29/06/2021;16
2021;Roujol;A6;2;3;04/07/2021;16
2021;Roujol;A6;2;4;29/06/2021;16
2021;Roujol;A6;2;5;07/06/2021;16
2021;Roujol;A6;2;6;27/06/2021;16
2021;Roujol;A6;2;7;21/06/2021;16
2021;Roujol;A6;2;8;06/07/2021;16
2021;Roujol;Gordito;1;1;01/06/2021;16
2021;Roujol;Gordito;1;2;07/06/2021;16
2021;Roujol;Gordito;1;3;19/06/2021;16
2021;Roujol;Gordito;1;4;04/06/2021;16
2021;Roujol;Gordito;1;5;11/06/2021;16
2021;Roujol;Gordito;1;6;04/06/2021;16
2021;Roujol;Gordito;1;7;01/06/2021;16
2021;Roujol;Gordito;1;8;08/06/2021;16
2021;Roujol;Gordito;2;1;10/06/2021;16
2021;Roujol;Gordito;2;2;07/06/2021;16
2021;Roujol;Gordito;2;3;07/06/2021;16
2021;Roujol;Gordito;2;4;14/06/2021;16
2021;Roujol;Gordito;2;5;11/06/2021;16
2021;Roujol;Gordito;2;6;17/06/2021;16
2021;Roujol;Gordito;2;7;03/07/2021;16
2021;Roujol;Gordito;2;8;01/06/2021;16
2021;Roujol;A21;1;1;14/06/2021;16
2021;Roujol;A21;1;2;04/06/2021;16
2021;Roujol;A21;1;3;06/06/2021;16
2021;Roujol;A21;1;4;;16
2021;Roujol;A21;1;5;03/06/2021;16
2021;Roujol;A21;1;6;08/08/2021;16
2021;Roujol;A21;1;7;11/06/2021;16
2021;Roujol;A21;1;8;23/07/2021;16
2021;Roujol;A21;2;1;16/06/2021;16
2021;Roujol;A21;2;2;14/06/2021;16
2021;Roujol;A21;2;3;;16
2021;Roujol;A21;2;4;21/06/2021;16
2021;Roujol;A21;2;5;10/06/2021;16
2021;Roujol;A21;2;6;12/07/2021;16
2021;Roujol;A21;2;7;24/06/2021;16
2021;Roujol;A21;2;8;01/06/2021;16
2021;Roujol;Belep;1;1;13/07/2021;18
2021;Roujol;Belep;1;2;29/05/2021;18
2021;Roujol;Belep;1;3;30/05/2021;18
2021;Roujol;Belep;1;4;18/07/2021;18
2021;Roujol;Belep;1;5;10/06/2021;18
2021;Roujol;Belep;1;6;31/05/2021;18
2021;Roujol;Belep;1;7;07/07/2021;18
2021;Roujol;Belep;1;8;;18
2021;Roujol;Belep;1;9;31/05/2021;18
2021;Roujol;Belep;2;1;;18
2021;Roujol;Belep;2;2;05/06/2021;18
2021;Roujol;Belep;2;3;27/06/2021;18
2021;Roujol;Belep;2;4;17/06/2021;18
2021;Roujol;Belep;2;5;05/06/2021;18
2021;Roujol;Belep;2;6;15/06/2021;18
2021;Roujol;Belep;2;7;01/06/2021;18
2021;Roujol;Belep;2;8;;18
2021;Roujol;Belep;2;9;01/06/2021;18
2021;Roujol;Florido;1;1;29/05/2021;16
2021;Roujol;Florido;1;2;30/05/2021;16
2021;Roujol;Florido;1;3;04/06/2021;16
2021;Roujol;Florido;1;4;03/06/2021;16
2021;Roujol;Florido;1;5;15/06/2021;16
2021;Roujol;Florido;1;6;28/05/2021;16
2021;Roujol;Florido;1;7;01/06/2021;16
2021;Roujol;Florido;1;8;03/06/2021;16
2021;Roujol;Florido;2;1;28/05/2021;16
2021;Roujol;Florido;2;2;28/05/2021;16
2021;Roujol;Florido;2;3;31/05/2021;16
2021;Roujol;Florido;2;4;10/06/2021;16
2021;Roujol;Florido;2;5;18/06/2021;16
2021;Roujol;Florido;2;6;28/05/2021;16
2021;Roujol;Florido;2;7;29/05/2021;16
2021;Roujol;Florido;2;8;01/06/2021;16
2021;Roujol;Pyramide;1;1;10/06/2021;16
2021;Roujol;Pyramide;1;2;04/07/2021;16
2021;Roujol;Pyramide;1;3;14/06/2021;16
2021;Roujol;Pyramide;1;4;18/06/2021;16
2021;Roujol;Pyramide;1;5;12/07/2021;16
2021;Roujol;Pyramide;1;6;03/07/2021;16
2021;Roujol;Pyramide;1;7;11/06/2021;16
2021;Roujol;Pyramide;1;8;27/06/2021;16
2021;Roujol;Pyramide;2;1;16/06/2021;16
2021;Roujol;Pyramide;2;2;11/07/2021;16
2021;Roujol;Pyramide;2;3;02/07/2021;16
2021;Roujol;Pyramide;2;4;03/06/2021;16
2021;Roujol;Pyramide;2;5;24/06/2021;16
2021;Roujol;Pyramide;2;6;27/06/2021;16
2021;Roujol;Pyramide;2;7;07/06/2021;16
2021;Roujol;Pyramide;2;8;05/08/2021;16
2021;Roujol;Noulelcae;1;1;31/05/2021;16
2021;Roujol;Noulelcae;1;2;16/06/2021;16
2021;Roujol;Noulelcae;1;3;08/06/2021;16
2021;Roujol;Noulelcae;1;4;09/06/2021;16
2021;Roujol;Noulelcae;1;5;16/06/2021;16
2021;Roujol;Noulelcae;1;6;10/06/2021;16
2021;Roujol;Noulelcae;1;7;13/06/2021;16
2021;Roujol;Noulelcae;1;8;10/06/2021;16
2021;Roujol;Noulelcae;2;1;03/06/2021;16
2021;Roujol;Noulelcae;2;2;15/06/2021;16
2021;Roujol;Noulelcae;2;3;07/06/2021;16
2021;Roujol;Noulelcae;2;4;16/06/2021;16
2021;Roujol;Noulelcae;2;5;01/06/2021;16
2021;Roujol;Noulelcae;2;6;11/06/2021;16
2021;Roujol;Noulelcae;2;7;08/06/2021;16
2021;Roujol;Noulelcae;2;8;31/05/2021;16
2021;Roujol;Manlankon;1;1;10/06/2021;16
2021;Roujol;Manlankon;1;2;27/06/2021;16
2021;Roujol;Manlankon;1;3;12/07/2021;16
2021;Roujol;Manlankon;1;4;13/06/2021;16
2021;Roujol;Manlankon;1;5;08/06/2021;16
2021;Roujol;Manlankon;1;6;19/06/2021;16
2021;Roujol;Manlankon;1;7;31/05/2021;16
2021;Roujol;Manlankon;1;8;03/06/2021;16
2021;Roujol;Manlankon;2;1;01/06/2021;16
2021;Roujol;Manlankon;2;2;10/06/2021;16
2021;Roujol;Manlankon;2;3;04/06/2021;16
2021;Roujol;Manlankon;2;4;10/06/2021;16
2021;Roujol;Manlankon;2;5;03/06/2021;16
2021;Roujol;Manlankon;2;6;16/06/2021;16
2021;Roujol;Manlankon;2;7;03/06/2021;16
2021;Roujol;Manlankon;2;8;28/05/2021;16
2021;Roujol;Peter;1;1;01/06/2021;16
2021;Roujol;Peter;1;2;10/06/2021;16
2021;Roujol;Peter;1;3;06/06/2021;16
2021;Roujol;Peter;1;4;04/06/2021;16
2021;Roujol;Peter;1;5;10/06/2021;16
2021;Roujol;Peter;1;6;10/06/2021;16
2021;Roujol;Peter;1;7;11/06/2021;16
2021;Roujol;Peter;1;8;01/06/2021;16
2021;Roujol;Peter;2;1;29/05/2021;16
2021;Roujol;Peter;2;2;07/06/2021;16
2021;Roujol;Peter;2;3;10/06/2021;16
2021;Roujol;Peter;2;4;06/06/2021;16
2021;Roujol;Peter;2;5;06/06/2021;16
2021;Roujol;Peter;2;6;01/06/2021;16
2021;Roujol;Peter;2;7;28/05/2021;16
2021;Roujol;Peter;2;8;01/06/2021;16
2021;Roujol;HYB6;1;1;15/06/2021;16
2021;Roujol;HYB6;1;2;04/07/2021;16
2021;Roujol;HYB6;1;3;30/06/2021;16
2021;Roujol;HYB6;1;4;16/06/2021;16
2021;Roujol;HYB6;1;5;05/07/2021;16
2021;Roujol;HYB6;1;6;22/06/2021;16
2021;Roujol;HYB6;1;7;18/07/2021;16
2021;Roujol;HYB6;1;8;21/06/2021;16
2021;Roujol;HYB6;2;1;22/06/2021;16
2021;Roujol;HYB6;2;2;15/06/2021;16
2021;Roujol;HYB6;2;3;03/07/2021;16
2021;Roujol;HYB6;2;4;24/06/2021;16
2021;Roujol;HYB6;2;5;20/06/2021;16
2021;Roujol;HYB6;2;6;25/07/2021;16
2021;Roujol;HYB6;2;7;06/07/2021;16
2021;Roujol;HYB6;2;8;29/06/2021;16
2021;Roujol;H2X74F;1;1;;16
2021;Roujol;H2X74F;1;2;07/06/2021;16
2021;Roujol;H2X74F;1;3;;16
2021;Roujol;H2X74F;1;4;06/06/2021;16
2021;Roujol;H2X74F;1;5;18/06/2021;16
2021;Roujol;H2X74F;1;6;17/06/2021;16
2021;Roujol;H2X74F;1;7;09/06/2021;16
2021;Roujol;H2X74F;1;8;29/07/2021;16
2021;Roujol;H2X74F;2;1;04/07/2021;16
2021;Roujol;H2X74F;2;2;08/06/2021;16
2021;Roujol;H2X74F;2;3;20/06/2021;16
2021;Roujol;H2X74F;2;4;;16
2021;Roujol;H2X74F;2;5;14/06/2021;16
2021;Roujol;H2X74F;2;6;03/06/2021;16
2021;Roujol;H2X74F;2;7;;16
2021;Roujol;H2X74F;2;8;09/06/2021;16
2021;Roujol;A2;1;1;07/06/2021;16
2021;Roujol;A2;1;2;07/06/2021;16
2021;Roujol;A2;1;3;01/06/2021;16
2021;Roujol;A2;1;4;06/06/2021;16
2021;Roujol;A2;1;5;28/05/2021;16
2021;Roujol;A2;1;6;22/06/2021;16
2021;Roujol;A2;1;7;10/07/2021;16
2021;Roujol;A2;1;8;03/06/2021;16
2021;Roujol;A2;2;1;28/05/2021;16
2021;Roujol;A2;2;2;16/06/2021;16
2021;Roujol;A2;2;3;07/06/2021;16
2021;Roujol;A2;2;4;01/06/2021;16
2021;Roujol;A2;2;5;01/06/2021;16
2021;Roujol;A2;2;6;01/06/2021;16
2021;Roujol;A2;2;7;10/06/2021;16
2021;Roujol;A2;2;8;01/06/2021;16
2021;Roujol;GrosseCaille;1;1;03/06/2021;32
2021;Roujol;GrosseCaille;1;2;20/06/2021;32
2021;Roujol;GrosseCaille;1;3;05/07/2021;32
2021;Roujol;GrosseCaille;1;4;29/06/2021;32
2021;Roujol;GrosseCaille;1;5;03/06/2021;32
2021;Roujol;GrosseCaille;1;6;29/06/2021;32
2021;Roujol;GrosseCaille;1;7;;32
2021;Roujol;GrosseCaille;1;8;03/06/2021;32
2021;Roujol;GrosseCaille;2;1;13/06/2021;32
2021;Roujol;GrosseCaille;2;2;;32
2021;Roujol;GrosseCaille;2;3;17/06/2021;32
2021;Roujol;GrosseCaille;2;4;03/06/2021;32
2021;Roujol;GrosseCaille;2;5;17/06/2021;32
2021;Roujol;GrosseCaille;2;6;;32
2021;Roujol;GrosseCaille;2;7;01/07/2021;32
2021;Roujol;GrosseCaille;2;8;09/06/2021;32
2021;Roujol;MP1;1;1;12/07/2021;16
2021;Roujol;MP1;1;2;01/07/2021;16
2021;Roujol;MP1;1;3;10/08/2021;16
2021;Roujol;MP1;1;4;18/07/2021;16
2021;Roujol;MP1;1;5;;16
2021;Roujol;MP1;1;6;02/07/2021;16
2021;Roujol;MP1;1;7;26/06/2021;16
2021;Roujol;MP1;1;8;09/08/2021;16
2021;Roujol;MP1;2;1;30/06/2021;16
2021;Roujol;MP1;2;2;;16
2021;Roujol;MP1;2;3;25/06/2021;16
2021;Roujol;MP1;2;4;02/07/2021;16
2021;Roujol;MP1;2;5;06/07/2021;16
2021;Roujol;MP1;2;6;29/06/2021;16
2021;Roujol;MP1;2;7;13/07/2021;16
2021;Roujol;MP1;2;8;11/07/2021;16
2021;Roujol;Dou;1;1;;16
2021;Roujol;Dou;1;2;14/06/2021;16
2021;Roujol;Dou;1;3;27/06/2021;16
2021;Roujol;Dou;1;4;15/06/2021;16
2021;Roujol;Dou;1;5;29/05/2021;16
2021;Roujol;Dou;1;6;05/06/2021;16
2021;Roujol;Dou;1;7;22/06/2021;16
2021;Roujol;Dou;1;8;11/06/2021;16
2021;Roujol;Dou;2;1;11/06/2021;16
2021;Roujol;Dou;2;2;17/06/2021;16
2021;Roujol;Dou;2;3;15/06/2021;16
2021;Roujol;Dou;2;4;01/06/2021;16
2021;Roujol;Dou;2;5;04/06/2021;16
2021;Roujol;Dou;2;6;;16
2021;Roujol;Dou;2;7;20/06/2021;16
2021;Roujol;Dou;2;8;;16
2021;Roujol;A22;1;1;04/06/2021;16
2021;Roujol;A22;1;2;11/06/2021;16
2021;Roujol;A22;1;3;23/06/2021;16
2021;Roujol;A22;1;4;13/06/2021;16
2021;Roujol;A22;1;5;10/06/2021;16
2021;Roujol;A22;1;6;16/06/2021;16
2021;Roujol;A22;1;7;06/06/2021;16
2021;Roujol;A22;1;8;16/06/2021;16
2021;Roujol;A22;2;1;06/06/2021;16
2021;Roujol;A22;2;2;06/06/2021;16
2021;Roujol;A22;2;3;07/06/2021;16
2021;Roujol;A22;2;4;06/06/2021;16
2021;Roujol;A22;2;5;05/06/2021;16
2021;Roujol;A22;2;6;29/05/2021;16
2021;Roujol;A22;2;7;03/06/2021;16
2021;Roujol;A22;2;8;12/06/2021;16
2021;Roujol;Roujol;1;1;20/06/2021;16
2021;Roujol;Roujol;1;2;11/07/2021;16
2021;Roujol;Roujol;1;3;18/06/2021;16
2021;Roujol;Roujol;1;4;20/06/2021;16
2021;Roujol;Roujol;1;5;22/06/2021;16
2021;Roujol;Roujol;1;6;17/06/2021;16
2021;Roujol;Roujol;1;7;28/06/2021;16
2021;Roujol;Roujol;1;8;18/06/2021;16
2021;Roujol;Roujol;2;1;04/06/2021;16
2021;Roujol;Roujol;2;2;23/06/2021;16
2021;Roujol;Roujol;2;3;17/06/2021;16
2021;Roujol;Roujol;2;4;20/06/2021;16
2021;Roujol;Roujol;2;5;14/06/2021;16
2021;Roujol;Roujol;2;6;13/06/2021;16
2021;Roujol;Roujol;2;7;14/06/2021;16
2021;Roujol;Roujol;2;8;14/06/2021;16
2021;Roujol;Sea190;1;1;08/06/2021;16
2021;Roujol;Sea190;1;2;15/06/2021;16
2021;Roujol;Sea190;1;3;;16
2021;Roujol;Sea190;1;4;03/08/2021;16
2021;Roujol;Sea190;1;5;15/06/2021;16
2021;Roujol;Sea190;1;6;30/06/2021;16
2021;Roujol;Sea190;1;7;25/07/2021;16
2021;Roujol;Sea190;1;8;15/07/2021;16
2021;Roujol;Sea190;2;1;;16
2021;Roujol;Sea190;2;2;21/06/2021;16
2021;Roujol;Sea190;2;3;14/06/2021;16
2021;Roujol;Sea190;2;4;;16
2021;Roujol;Sea190;2;5;14/06/2021;16
2021;Roujol;Sea190;2;6;05/06/2021;16
2021;Roujol;Sea190;2;7;14/07/2021;16
2021;Roujol;Sea190;2;8;13/06/2021;16
2021;Roujol;Oriental;1;1;04/06/2021;17
2021;Roujol;Oriental;1;2;09/06/2021;17
2021;Roujol;Oriental;1;3;19/07/2021;17
2021;Roujol;Oriental;1;4;09/06/2021;17
2021;Roujol;Oriental;1;5;28/05/2021;17
2021;Roujol;Oriental;1;6;;17
2021;Roujol;Oriental;1;7;06/06/2021;17
2021;Roujol;Oriental;1;8;06/06/2021;17
2021;Roujol;Oriental;2;1;04/06/2021;17
2021;Roujol;Oriental;2;2;;17
2021;Roujol;Oriental;2;3;;17
2021;Roujol;Oriental;2;4;10/06/2021;17
2021;Roujol;Oriental;2;5;22/07/2021;17
2021;Roujol;Oriental;2;6;30/08/2021;17
2021;Roujol;Oriental;2;7;08/07/2021;17
2021;Roujol;Oriental;2;8;11/06/2021;17
2021;Roujol;Oriental;2;9;29/06/2021;17
2021;Roujol;Cinq;1;1;11/06/2021;32
2021;Roujol;Cinq;1;2;24/06/2021;32
2021;Roujol;Cinq;1;3;14/06/2021;32
2021;Roujol;Cinq;1;4;11/06/2021;32
2021;Roujol;Cinq;1;5;28/06/2021;32
2021;Roujol;Cinq;1;6;03/06/2021;32
2021;Roujol;Cinq;1;7;01/06/2021;32
2021;Roujol;Cinq;1;8;18/06/2021;32
2021;Roujol;Cinq;2;1;10/06/2021;32
2021;Roujol;Cinq;2;2;10/06/2021;32
2021;Roujol;Cinq;2;3;28/06/2021;32
2021;Roujol;Cinq;2;4;21/06/2021;32
2021;Roujol;Cinq;2;5;01/06/2021;32
2021;Roujol;Cinq;2;6;18/06/2021;32
2021;Roujol;Cinq;2;7;06/06/2021;32
2021;Roujol;Cinq;2;8;14/06/2021;32
2021;Roujol;HYB30;1;1;30/06/2021;16
2021;Roujol;HYB30;1;2;29/06/2021;16
2021;Roujol;HYB30;1;3;10/07/2021;16
2021;Roujol;HYB30;1;4;16/06/2021;16
2021;Roujol;HYB30;1;5;06/06/2021;16
2021;Roujol;HYB30;1;6;13/06/2021;16
2021;Roujol;HYB30;1;7;30/06/2021;16
2021;Roujol;HYB30;1;8;19/06/2021;16
2021;Roujol;HYB30;2;1;07/06/2021;16
2021;Roujol;HYB30;2;2;01/07/2021;16
2021;Roujol;HYB30;2;3;01/07/2021;16
2021;Roujol;HYB30;2;4;22/06/2021;16
2021;Roujol;HYB30;2;5;11/07/2021;16
2021;Roujol;HYB30;2;6;28/06/2021;16
2021;Roujol;HYB30;2;7;31/07/2021;16
2021;Roujol;HYB30;2;8;05/06/2021;16
2021;Roujol;Goana;1;1;14/06/2021;16
2021;Roujol;Goana;1;2;06/06/2021;16
2021;Roujol;Goana;1;3;03/06/2021;16
2021;Roujol;Goana;1;4;13/06/2021;16
2021;Roujol;Goana;1;5;03/06/2021;16
2021;Roujol;Goana;1;6;27/06/2021;16
2021;Roujol;Goana;1;7;02/07/2021;16
2021;Roujol;Goana;1;8;31/05/2021;16
2021;Roujol;Goana;2;1;29/05/2021;16
2021;Roujol;Goana;2;2;31/05/2021;16
2021;Roujol;Goana;2;3;14/06/2021;16
2021;Roujol;Goana;2;4;14/06/2021;16
2021;Roujol;Goana;2;5;14/06/2021;16
2021;Roujol;Goana;2;6;14/06/2021;16
2021;Roujol;Goana;2;7;30/05/2021;16
2021;Roujol;Goana;2;8;01/07/2021;16
2021;Roujol;Tiviolet;1;1;04/06/2021;17
2021;Roujol;Tiviolet;1;2;11/06/2021;17
2021;Roujol;Tiviolet;1;3;06/06/2021;17
2021;Roujol;Tiviolet;1;4;07/06/2021;17
2021;Roujol;Tiviolet;1;5;07/06/2021;17
2021;Roujol;Tiviolet;1;6;09/06/2021;17
2021;Roujol;Tiviolet;1;7;12/06/2021;17
2021;Roujol;Tiviolet;1;8;01/06/2021;17
2021;Roujol;Tiviolet;1;9;13/06/2021;17
2021;Roujol;Tiviolet;2;1;30/05/2021;17
2021;Roujol;Tiviolet;2;2;14/06/2021;17
2021;Roujol;Tiviolet;2;3;03/06/2021;17
2021;Roujol;Tiviolet;2;4;07/06/2021;17
2021;Roujol;Tiviolet;2;5;01/06/2021;17
2021;Roujol;Tiviolet;2;6;15/06/2021;17
2021;Roujol;Tiviolet;2;7;03/06/2021;17
2021;Roujol;Tiviolet;2;8;03/06/2021;17
2021;Roujol;A9;1;1;09/06/2021;16
2021;Roujol;A9;1;2;;16
2021;Roujol;A9;1;3;07/06/2021;16
2021;Roujol;A9;1;4;18/06/2021;16
2021;Roujol;A9;1;5;28/06/2021;16
2021;Roujol;A9;1;6;30/09/2021;16
2021;Roujol;A9;1;7;03/06/2021;16
2021;Roujol;A9;1;8;07/06/2021;16
2021;Roujol;A9;2;1;16/06/2021;16
2021;Roujol;A9;2;2;23/07/2021;16
2021;Roujol;A9;2;3;13/06/2021;16
2021;Roujol;A9;2;4;13/06/2021;16
2021;Roujol;A9;2;5;23/06/2021;16
2021;Roujol;A9;2;6;04/06/2021;16
2021;Roujol;A9;2;7;25/06/2021;16
2021;Roujol;A9;2;8;04/06/2021;16
2021;Roujol;GrandEtang;1;1;03/06/2021;18
2021;Roujol;GrandEtang;1;2;24/06/2021;18
2021;Roujol;GrandEtang;1;3;08/06/2021;18
2021;Roujol;GrandEtang;1;4;18/06/2021;18
2021;Roujol;GrandEtang;1;5;02/07/2021;18
2021;Roujol;GrandEtang;1;6;13/06/2021;18
2021;Roujol;GrandEtang;1;7;06/06/2021;18
2021;Roujol;GrandEtang;1;8;05/06/2021;18
2021;Roujol;GrandEtang;1;9;10/06/2021;18
2021;Roujol;GrandEtang;2;1;01/06/2021;18
2021;Roujol;GrandEtang;2;2;02/07/2021;18
2021;Roujol;GrandEtang;2;3;14/06/2021;18
2021;Roujol;GrandEtang;2;4;06/06/2021;18
2021;Roujol;GrandEtang;2;5;13/06/2021;18
2021;Roujol;GrandEtang;2;6;18/06/2021;18
2021;Roujol;GrandEtang;2;7;28/05/2021;18
2021;Roujol;GrandEtang;2;8;28/05/2021;18
2021;Roujol;GrandEtang;2;9;28/05/2021;18
2021;Roujol;Toki;1;1;08/06/2021;18
2021;Roujol;Toki;1;2;02/07/2021;18
2021;Roujol;Toki;1;3;16/06/2021;18
2021;Roujol;Toki;1;4;14/06/2021;18
2021;Roujol;Toki;1;5;07/06/2021;18
2021;Roujol;Toki;1;6;12/06/2021;18
2021;Roujol;Toki;1;7;20/06/2021;18
2021;Roujol;Toki;1;8;03/06/2021;18
2021;Roujol;Toki;1;9;13/06/2021;18
2021;Roujol;Toki;2;1;03/06/2021;18
2021;Roujol;Toki;2;2;05/06/2021;18
2021;Roujol;Toki;2;3;23/06/2021;18
2021;Roujol;Toki;2;4;13/06/2021;18
2021;Roujol;Toki;2;5;12/06/2021;18
2021;Roujol;Toki;2;6;14/06/2021;18
2021;Roujol;Toki;2;7;14/06/2021;18
2021;Roujol;Toki;2;8;14/06/2021;18
2021;Roujol;Toki;2;9;13/06/2021;18
2021;Roujol;Boutou;1;1;07/06/2021;16
2021;Roujol;Boutou;1;2;07/06/2021;16
2021;Roujol;Boutou;1;3;02/07/2021;16
2021;Roujol;Boutou;1;4;28/06/2021;16
2021;Roujol;Boutou;1;5;14/06/2021;16
2021;Roujol;Boutou;1;6;08/06/2021;16
2021;Roujol;Boutou;1;7;10/06/2021;16
2021;Roujol;Boutou;1;8;13/06/2021;16
2021;Roujol;Boutou;2;1;03/06/2021;16
2021;Roujol;Boutou;2;2;03/06/2021;16
2021;Roujol;Boutou;2;3;10/06/2021;16
2021;Roujol;Boutou;2;4;28/07/2021;16
2021;Roujol;Boutou;2;5;07/06/2021;16
2021;Roujol;Boutou;2;6;06/06/2021;16
2021;Roujol;Boutou;2;7;03/06/2021;16
2021;Roujol;Boutou;2;8;09/06/2021;16
2021;Roujol;HYB5;1;1;06/06/2021;16
2021;Roujol;HYB5;1;2;29/06/2021;16
2021;Roujol;HYB5;1;3;05/06/2021;16
2021;Roujol;HYB5;1;4;17/06/2021;16
2021;Roujol;HYB5;1;5;17/07/2021;16
2021;Roujol;HYB5;1;6;18/07/2021;16
2021;Roujol;HYB5;1;7;02/08/2021;16
2021;Roujol;HYB5;1;8;10/06/2021;16
2021;Roujol;HYB5;2;1;15/06/2021;16
2021;Roujol;HYB5;2;2;10/06/2021;16
2021;Roujol;HYB5;2;3;15/06/2021;16
2021;Roujol;HYB5;2;4;10/06/2021;16
2021;Roujol;HYB5;2;5;13/06/2021;16
2021;Roujol;HYB5;2;6;13/06/2021;16
2021;Roujol;HYB5;2;7;14/06/2021;16
2021;Roujol;HYB5;2;8;05/07/2021;16
2021;Roujol;BeteBete;1;1;31/05/2021;18
2021;Roujol;BeteBete;1;2;09/06/2021;18
2021;Roujol;BeteBete;1;3;07/06/2021;18
2021;Roujol;BeteBete;1;4;29/05/2021;18
2021;Roujol;BeteBete;1;5;31/05/2021;18
2021;Roujol;BeteBete;1;6;14/06/2021;18
2021;Roujol;BeteBete;1;7;29/05/2021;18
2021;Roujol;BeteBete;1;8;03/06/2021;18
2021;Roujol;BeteBete;1;9;30/05/2021;18
2021;Roujol;BeteBete;2;1;28/05/2021;18
2021;Roujol;BeteBete;2;2;07/06/2021;18
2021;Roujol;BeteBete;2;3;16/07/2021;18
2021;Roujol;BeteBete;2;4;07/06/2021;18
2021;Roujol;BeteBete;2;5;02/07/2021;18
2021;Roujol;BeteBete;2;6;28/05/2021;18
2021;Roujol;BeteBete;2;7;;18
2021;Roujol;BeteBete;2;8;02/07/2021;18
2021;Roujol;BeteBete;2;9;31/05/2021;18
2021;Roujol;INRA15;1;1;04/06/2021;16
2021;Roujol;INRA15;1;2;11/06/2021;16
2021;Roujol;INRA15;1;3;09/07/2021;16
2021;Roujol;INRA15;1;4;29/06/2021;16
2021;Roujol;INRA15;1;5;23/06/2021;16
2021;Roujol;INRA15;1;6;14/06/2021;16
2021;Roujol;INRA15;1;7;30/06/2021;16
2021;Roujol;INRA15;1;8;31/05/2021;16
2021;Roujol;INRA15;2;1;31/05/2021;16
2021;Roujol;INRA15;2;2;19/06/2021;16
2021;Roujol;INRA15;2;3;20/06/2021;16
2021;Roujol;INRA15;2;4;17/06/2021;16
2021;Roujol;INRA15;2;5;14/06/2021;16
2021;Roujol;INRA15;2;6;27/06/2021;16
2021;Roujol;INRA15;2;7;08/06/2021;16
2021;Roujol;INRA15;2;8;14/06/2021;16
2021;Roujol;A14;1;1;26/06/2021;18
2021;Roujol;A14;1;2;13/06/2021;18
2021;Roujol;A14;1;3;24/06/2021;18
2021;Roujol;A14;1;4;08/07/2021;18
2021;Roujol;A14;1;5;19/07/2021;18
2021;Roujol;A14;1;6;24/06/2021;18
2021;Roujol;A14;1;7;15/06/2021;18
2021;Roujol;A14;1;8;28/06/2021;18
2021;Roujol;A14;1;9;12/06/2021;18
2021;Roujol;A14;2;1;;18
2021;Roujol;A14;2;2;12/07/2021;18
2021;Roujol;A14;2;3;28/06/2021;18
2021;Roujol;A14;2;4;21/06/2021;18
2021;Roujol;A14;2;5;29/07/2021;18
2021;Roujol;A14;2;6;22/07/2021;18
2021;Roujol;A14;2;7;13/06/2021;18
2021;Roujol;A14;2;8;09/07/2021;18
2021;Roujol;A14;2;9;21/06/2021;18
2021;Roujol;Pacala;1;1;18/07/2021;16
2021;Roujol;Pacala;1;2;21/06/2021;16
2021;Roujol;Pacala;1;3;24/07/2021;16
2021;Roujol;Pacala;1;4;27/06/2021;16
2021;Roujol;Pacala;1;5;10/06/2021;16
2021;Roujol;Pacala;1;6;25/09/2021;16
2021;Roujol;Pacala;1;7;06/06/2021;16
2021;Roujol;Pacala;1;8;03/06/2021;16
2021;Roujol;Pacala;2;1;07/06/2021;16
2021;Roujol;Pacala;2;2;07/06/2021;16
2021;Roujol;Pacala;2;3;15/06/2021;16
2021;Roujol;Pacala;2;4;24/06/2021;16
2021;Roujol;Pacala;2;5;13/06/2021;16
2021;Roujol;Pacala;2;6;06/06/2021;16
2021;Roujol;Pacala;2;7;02/06/2021;16
2021;Roujol;Pacala;2;8;07/06/2021;16
2021;Roujol;Pakutrany;1;1;01/06/2021;16
2021;Roujol;Pakutrany;1;2;07/06/2021;16
2021;Roujol;Pakutrany;1;3;01/06/2021;16
2021;Roujol;Pakutrany;1;4;01/06/2021;16
2021;Roujol;Pakutrany;1;5;03/06/2021;16
2021;Roujol;Pakutrany;1;6;04/06/2021;16
2021;Roujol;Pakutrany;1;7;10/06/2021;16
2021;Roujol;Pakutrany;1;8;31/05/2021;16
2021;Roujol;Pakutrany;2;1;03/06/2021;16
2021;Roujol;Pakutrany;2;2;29/05/2021;16
2021;Roujol;Pakutrany;2;3;13/06/2021;16
2021;Roujol;Pakutrany;2;4;09/06/2021;16
2021;Roujol;Pakutrany;2;5;14/06/2021;16
2021;Roujol;Pakutrany;2;6;04/06/2021;16
2021;Roujol;Pakutrany;2;7;03/06/2021;16
2021;Roujol;Pakutrany;2;8;31/05/2021;16
2021;Roujol;StVincent;1;1;22/06/2021;16
2021;Roujol;StVincent;1;2;12/08/2021;16
2021;Roujol;StVincent;1;3;05/07/2021;16
2021;Roujol;StVincent;1;4;12/07/2021;16
2021;Roujol;StVincent;1;5;28/06/2021;16
2021;Roujol;StVincent;1;6;01/07/2021;16
2021;Roujol;StVincent;1;7;15/06/2021;16
2021;Roujol;StVincent;1;8;21/06/2021;16
2021;Roujol;StVincent;2;1;09/06/2021;16
2021;Roujol;StVincent;2;2;23/06/2021;16
2021;Roujol;StVincent;2;3;03/06/2021;16
2021;Roujol;StVincent;2;4;27/06/2021;16
2021;Roujol;StVincent;2;5;13/06/2021;16
2021;Roujol;StVincent;2;6;22/06/2021;16
2021;Roujol;StVincent;2;7;23/06/2021;16
2021;Roujol;StVincent;2;8;28/06/2021;16
2021;Roujol;Kinabayo;1;1;07/06/2021;16
2021;Roujol;Kinabayo;1;2;01/06/2021;16
2021;Roujol;Kinabayo;1;3;09/06/2021;16
2021;Roujol;Kinabayo;1;4;10/06/2021;16
2021;Roujol;Kinabayo;1;5;16/06/2021;16
2021;Roujol;Kinabayo;1;6;23/06/2021;16
2021;Roujol;Kinabayo;1;7;08/06/2021;16
2021;Roujol;Kinabayo;1;8;13/06/2021;16
2021;Roujol;Kinabayo;2;1;04/06/2021;16
2021;Roujol;Kinabayo;2;2;10/06/2021;16
2021;Roujol;Kinabayo;2;3;09/06/2021;16
2021;Roujol;Kinabayo;2;4;16/06/2021;16
2021;Roujol;Kinabayo;2;5;01/06/2021;16
2021;Roujol;Kinabayo;2;6;07/06/2021;16
2021;Roujol;Kinabayo;2;7;30/06/2021;16
2021;Roujol;Kinabayo;2;8;09/06/2021;16
2021;Roujol;Caplaou;1;1;17/06/2021;17
2021;Roujol;Caplaou;1;2;08/07/2021;17
2021;Roujol;Caplaou;1;3;01/08/2021;17
2021;Roujol;Caplaou;1;4;;17
2021;Roujol;Caplaou;1;5;;17
2021;Roujol;Caplaou;1;6;04/08/2021;17
2021;Roujol;Caplaou;1;7;21/06/2021;17
2021;Roujol;Caplaou;1;8;01/09/2021;17
2021;Roujol;Caplaou;1;9;16/06/2021;17
2021;Roujol;Caplaou;2;1;08/07/2021;17
2021;Roujol;Caplaou;2;2;24/06/2021;17
2021;Roujol;Caplaou;2;3;05/07/2021;17
2021;Roujol;Caplaou;2;4;04/07/2021;17
2021;Roujol;Caplaou;2;5;19/07/2021;17
2021;Roujol;Caplaou;2;6;06/07/2021;17
2021;Roujol;Caplaou;2;7;30/07/2021;17
2021;Roujol;Caplaou;2;8;;17
2021;Roujol;Nureangdan;1;1;;16
2021;Roujol;Nureangdan;1;2;01/06/2021;16
2021;Roujol;Nureangdan;1;3;01/06/2021;16
2021;Roujol;Nureangdan;1;4;31/05/2021;16
2021;Roujol;Nureangdan;1;5;07/06/2021;16
2021;Roujol;Nureangdan;1;6;31/05/2021;16
2021;Roujol;Nureangdan;1;7;22/06/2021;16
2021;Roujol;Nureangdan;1;8;05/07/2021;16
2021;Roujol;Nureangdan;2;1;15/07/2021;16
2021;Roujol;Nureangdan;2;2;05/06/2021;16
2021;Roujol;Nureangdan;2;3;13/06/2021;16
2021;Roujol;Nureangdan;2;4;14/06/2021;16
2021;Roujol;Nureangdan;2;5;06/06/2021;16
2021;Roujol;Nureangdan;2;6;15/06/2021;16
2021;Roujol;Nureangdan;2;7;05/07/2021;16
2021;Roujol;Nureangdan;2;8;14/06/2021;16
2021;Roujol;A17;1;1;13/06/2021;16
2021;Roujol;A17;1;2;10/06/2021;16
2021;Roujol;A17;1;3;27/06/2021;16
2021;Roujol;A17;1;4;13/06/2021;16
2021;Roujol;A17;1;5;11/06/2021;16
2021;Roujol;A17;1;6;07/06/2021;16
2021;Roujol;A17;1;7;04/07/2021;16
2021;Roujol;A17;1;8;27/06/2021;16
2021;Roujol;A17;2;1;07/06/2021;16
2021;Roujol;A17;2;2;12/07/2021;16
2021;Roujol;A17;2;3;20/07/2021;16
2021;Roujol;A17;2;4;14/06/2021;16
2021;Roujol;A17;2;5;30/06/2021;16
2021;Roujol;A17;2;6;20/06/2021;16
2021;Roujol;A17;2;7;21/06/2021;16
2021;Roujol;A17;2;8;29/06/2021;16
2021;Roujol;H4X172;1;1;29/07/2021;16
2021;Roujol;H4X172;1;2;05/07/2021;16
2021;Roujol;H4X172;1;3;20/06/2021;16
2021;Roujol;H4X172;1;4;07/06/2021;16
2021;Roujol;H4X172;1;5;19/06/2021;16
2021;Roujol;H4X172;1;6;07/06/2021;16
2021;Roujol;H4X172;1;7;06/06/2021;16
2021;Roujol;H4X172;1;8;14/06/2021;16
2021;Roujol;H4X172;2;1;06/06/2021;16
2021;Roujol;H4X172;2;2;30/06/2021;16
2021;Roujol;H4X172;2;3;04/07/2021;16
2021;Roujol;H4X172;2;4;12/06/2021;16
2021;Roujol;H4X172;2;5;07/07/2021;16
2021;Roujol;H4X172;2;6;12/06/2021;16
2021;Roujol;H4X172;2;7;13/06/2021;16
2021;Roujol;H4X172;2;8;27/06/2021;16
2021;Roujol;Kabusa;1;1;10/06/2021;16
2021;Roujol;Kabusa;1;2;04/06/2021;16
2021;Roujol;Kabusa;1;3;10/06/2021;16
2021;Roujol;Kabusa;1;4;11/06/2021;16
2021;Roujol;Kabusa;1;5;18/06/2021;16
2021;Roujol;Kabusa;1;6;08/06/2021;16
2021;Roujol;Kabusa;1;7;14/06/2021;16
2021;Roujol;Kabusa;1;8;03/06/2021;16
2021;Roujol;Kabusa;2;1;10/06/2021;16
2021;Roujol;Kabusa;2;2;13/06/2021;16
2021;Roujol;Kabusa;2;3;07/06/2021;16
2021;Roujol;Kabusa;2;4;14/06/2021;16
2021;Roujol;Kabusa;2;5;31/05/2021;16
2021;Roujol;Kabusa;2;6;02/07/2021;16
2021;Roujol;Kabusa;2;7;03/06/2021;16
2021;Roujol;Kabusa;2;8;01/06/2021;16
2021;Roujol;GrosseCaille;1;1;06/06/2021;32
2021;Roujol;GrosseCaille;1;2;;32
2021;Roujol;GrosseCaille;1;3;;32
2021;Roujol;GrosseCaille;1;4;09/07/2021;32
2021;Roujol;GrosseCaille;1;5;;32
2021;Roujol;GrosseCaille;1;6;;32
2021;Roujol;GrosseCaille;1;7;07/07/2021;32
2021;Roujol;GrosseCaille;1;8;14/06/2021;32
2021;Roujol;GrosseCaille;2;1;06/06/2021;32
2021;Roujol;GrosseCaille;2;2;14/07/2021;32
2021;Roujol;GrosseCaille;2;3;;32
2021;Roujol;GrosseCaille;2;4;;32
2021;Roujol;GrosseCaille;2;5;;32
2021;Roujol;GrosseCaille;2;6;;32
2021;Roujol;GrosseCaille;2;7;;32
2021;Roujol;GrosseCaille;2;8;24/07/2021;32
2021;Roujol;Cinq;1;1;06/07/2021;32
2021;Roujol;Cinq;1;2;;32
2021;Roujol;Cinq;1;3;09/07/2021;32
2021;Roujol;Cinq;1;4;22/06/2021;32
2021;Roujol;Cinq;1;5;09/06/2021;32
2021;Roujol;Cinq;1;6;18/06/2021;32
2021;Roujol;Cinq;1;7;22/06/2021;32
2021;Roujol;Cinq;1;8;07/07/2021;32
2021;Roujol;Cinq;2;1;30/06/2021;32
2021;Roujol;Cinq;2;2;05/06/2021;32
2021;Roujol;Cinq;2;3;08/06/2021;32
2021;Roujol;Cinq;2;4;14/06/2021;32
2021;Roujol;Cinq;2;5;15/06/2021;32
2021;Roujol;Cinq;2;6;14/06/2021;32
2021;Roujol;Cinq;2;7;05/06/2021;32
2021;Roujol;Cinq;2;8;14/06/2021;32
2021;Roujol;INRAX154;1;1;18/07/2021;16
2021;Roujol;INRAX154;1;2;01/07/2021;16
2021;Roujol;INRAX154;1;3;02/07/2021;16
2021;Roujol;INRAX154;1;4;29/06/2021;16
2021;Roujol;INRAX154;1;5;05/06/2021;16
2021;Roujol;INRAX154;1;6;16/06/2021;16
2021;Roujol;INRAX154;1;7;23/06/2021;16
2021;Roujol;INRAX154;1;8;10/06/2021;16
2021;Roujol;INRAX154;2;1;26/07/2021;16
2021;Roujol;INRAX154;2;2;29/06/2021;16
2021;Roujol;INRAX154;2;3;06/07/2021;16
2021;Roujol;INRAX154;2;4;22/06/2021;16
2021;Roujol;INRAX154;2;5;21/06/2021;16
2021;Roujol;INRAX154;2;6;13/06/2021;16
2021;Roujol;INRAX154;2;7;24/06/2021;16
2021;Roujol;INRAX154;2;8;28/06/2021;16
2021;Roujol;Wassa;1;1;07/06/2021;16
2021;Roujol;Wassa;1;2;10/06/2021;16
2021;Roujol;Wassa;1;3;20/06/2021;16
2021;Roujol;Wassa;1;4;20/06/2021;16
2021;Roujol;Wassa;1;5;14/06/2021;16
2021;Roujol;Wassa;1;6;14/06/2021;16
2021;Roujol;Wassa;1;7;24/06/2021;16
2021;Roujol;Wassa;1;8;07/06/2021;16
2021;Roujol;Wassa;2;1;20/06/2021;16
2021;Roujol;Wassa;2;2;24/06/2021;16
2021;Roujol;Wassa;2;3;08/06/2021;16
2021;Roujol;Wassa;2;4;15/06/2021;16
2021;Roujol;Wassa;2;5;13/06/2021;16
2021;Roujol;Wassa;2;6;11/06/2021;16
2021;Roujol;Wassa;2;7;21/06/2021;16
2021;Roujol;Wassa;2;8;10/06/2021;16
